uuid,id,name,modificationDate,cooperative,highestWins,noPoints,usesTeams,urlThumb,urlImage,bggName,bggYear,bggId,designers,isBaseGame,isExpansion,rating,minPlayerCount,maxPlayerCount,minPlayTime,maxPlayTime,minAge,preferredImage,previouslyPlayedAmount
645461be-32f3-4632-ab3c-d44e5415790f,82,10 Days in Europe,2021-10-03 14:00:40,false,false,true,false,https://cf.geekdo-images.com/thumb/img/i5n0reQ1WzQHopvVGAm0GvaOny4=/fit-in/200x150/pic4895073.png,https://cf.geekdo-images.com/original/img/JJ6hN2UlO9n_pQPi4zXdQ6ceG-w=/0x0/pic4895073.png,10 Days in Europe,2002,5867,"Alan R. Moon, Aaron Weissblum",1,0,0,2,4,20,30,10,0,0
e68dbd4b-a48e-4613-a23d-eab9674c2b57,87,5 Second Rule,2020-07-27 11:49:11,false,true,false,false,https://cf.geekdo-images.com/thumb/img/VJLcEuHfndfWPKE9t6qoXjSyqXw=/fit-in/200x150/pic4993497.jpg,https://cf.geekdo-images.com/original/img/5OyVTbsoPr9JWies5xDOqVtWKl8=/0x0/pic4993497.jpg,5 Second Rule,2010,86073,Michael Sistrunk,1,1,0,3,6,30,30,10,0,0
c44f4f36-caa8-4aec-880c-e5871978e01b,3,7 Wonders,2021-10-03 14:00:39,false,true,false,false,https://cf.geekdo-images.com/thumb/img/Grz-qM9xwxlvQGK7B-MiljtO9pQ=/fit-in/200x150/pic860217.jpg,https://cf.geekdo-images.com/original/img/3DP_RW5lTX0WrV67s8qi8CsiXoQ=/0x0/pic860217.jpg,7 Wonders,2010,68448,Antoine Bauza,1,0,0,2,7,30,30,10,0,0
4894a63f-19d4-4b85-814b-722983b46086,4,7 Wonders Duel,2023-01-02 20:15:23,false,true,false,false,https://cf.geekdo-images.com/thumb/img/cwWMq5feF7O4O82HJOK3WE5IZ6o=/fit-in/200x150/pic3376065.jpg,https://cf.geekdo-images.com/original/img/M6wL1YFgW-PsdtJ328m2QiJf1K8=/0x0/pic3376065.jpg,7 Wonders Duel,2015,173346,"Antoine Bauza, Bruno Cathala",1,0,0,2,2,30,30,10,0,0
8A33ADF0-A5FB-4FCA-BAE7-E0AC4387E41E,107,7 Wonders Duel,2020-12-13 09:57:09,false,true,false,false,https://cf.geekdo-images.com/thumb/img/qGf8-LJx4lsNOgpjS6iCs2TyKts=/fit-in/200x150/filters:strip_icc()/pic3376065.jpg,https://cf.geekdo-images.com/original/img/M6wL1YFgW-PsdtJ328m2QiJf1K8=/0x0/pic3376065.jpg,7 Wonders Duel,2015,173346,"Antoine Bauza, Bruno Cathala",1,0,0,2,2,30,30,10,0,0
9782f301-1c63-488f-bdb8-609a23ac2859,128,7 Wonders: Architects,2023-06-17 17:55:20,false,true,false,false,https://cf.geekdo-images.com/T5nRnFlmfthJFY7fdHmF-g__thumb/img/31j3i1izBvG-xkGXUobznFutMNI=/fit-in/200x150/filters:strip_icc()/pic6467297.png,https://cf.geekdo-images.com/T5nRnFlmfthJFY7fdHmF-g__original/img/HjJ3MmUFw4vlxgHTW1R_Mq0HPiY=/0x0/filters:format(png)/pic6467297.png,7 Wonders: Architects,2021,346703,Antoine Bauza,1,0,0,2,7,25,25,8,0,0
d3adeaa9-eb28-4467-9437-87ed12276fdd,148,Anomia,2023-01-02 20:01:40,false,true,false,false,https://cf.geekdo-images.com/OvOpd-Lhl7t3h9fF_qi6lQ__thumb/img/002NO49Pl3-9dPUj43StWt0SS2c=/fit-in/200x150/filters:strip_icc()/pic2527529.jpg,https://cf.geekdo-images.com/OvOpd-Lhl7t3h9fF_qi6lQ__original/img/0_8ukg1eYy8HxXTAwPgKptJXTeU=/0x0/filters:format(jpeg)/pic2527529.jpg,Anomia,2010,67877,Andrew Innes,1,1,0,3,6,30,30,10,0,0
a7dedb56-cd4c-4af6-85a5-4e0992e7ad1a,5,Anti-Monopoly,2021-03-07 09:46:19,false,true,false,false,https://cf.geekdo-images.com/thumb/img/x0JtbpPZi2QDk7ZESOKyKeqnrgc=/fit-in/200x150/pic2624584.jpg,https://cf.geekdo-images.com/original/img/StS2YhNpodMoFY8D_ERpfZOnkjk=/0x0/pic2624584.jpg,Anti-Monopoly,1973,1931,Ralph Anspach,1,0,0,2,6,120,120,8,0,0
046fd681-0466-4648-8203-3d6623d3dbe4,85,Azul,2021-10-03 14:00:27,false,true,false,false,https://cf.geekdo-images.com/thumb/img/_ed_JktpgFwTr2WjEQgYMzHBvOQ=/fit-in/200x150/pic3718275.jpg,https://cf.geekdo-images.com/original/img/9-SR48jyfxs4At6255sjHoly2sw=/0x0/pic3718275.jpg,Azul,2017,230802,Michael Kiesling,1,0,0,2,4,30,45,8,0,0
205bbf34-d171-4562-b0c0-8d6e66626bf9,71,Balderdash,2020-07-27 11:49:11,false,true,true,false,https://cf.geekdo-images.com/thumb/img/c6ofMooAX4QE9Xesd8lfVNKVyfY=/fit-in/200x150/pic40574.jpg,https://cf.geekdo-images.com/original/img/MF5BpX_Vpx21a8xBaCOo4OuKwq8=/0x0/pic40574.jpg,Balderdash,1984,163,"Laura Robinson, Paul Toyne",1,0,0,2,6,60,60,12,0,0
64c3934a-6ba6-4e51-8f6b-9226b12127a2,64,BANG!,2020-07-27 11:49:11,false,true,true,false,https://cf.geekdo-images.com/thumb/img/lzPoB0cL20ysgtE5Lc5C6oslpoM=/fit-in/200x150/pic1170986.jpg,https://cf.geekdo-images.com/original/img/ZgLAhswnvphPH_FplkciAQ-J9ic=/0x0/pic1170986.jpg,BANG!,2002,3955,Emiliano Sciarra,1,0,0,4,7,20,40,10,0,0
20d652cc-cf32-4561-a1e9-ee29f00fa8cd,6,BANG! The Dice Game,2021-10-03 14:00:43,false,true,true,false,https://cf.geekdo-images.com/thumb/img/3xvZe7fHZdreM0Zt_eINI0F2V-A=/fit-in/200x150/pic2909713.jpg,https://cf.geekdo-images.com/original/img/FV0kpzyWF-7AQCFI8TuQlRRIhNo=/0x0/pic2909713.jpg,BANG! The Dice Game,2013,143741,"Michael Palm, Lukas Zach",1,0,0,3,8,15,15,8,0,0
b8794b1f-7802-47dc-9007-6984aff751b7,157,Bank Heist,2024-03-08 20:47:09,false,true,true,false,https://cf.geekdo-images.com/sfn5gg37nU93pSCSwYpWxQ__thumb/img/6Bd9AjPTlMzexpxTFm0ArMPLlio=/fit-in/200x150/filters:strip_icc()/pic4968630.png,https://cf.geekdo-images.com/sfn5gg37nU93pSCSwYpWxQ__original/img/5wAGrlrtIEgEFJt5wHL9gOG3hac=/0x0/filters:format(png)/pic4968630.png,Bank Heist,2020,289784,"",1,0,74,5,8,30,60,13,0,0
2c4e5b57-7d55-4358-93f9-4d874c7c5323,136,Batman: Gotham City Chronicles,2024-07-05 11:20:38,true,true,true,false,https://cf.geekdo-images.com/YGNk9UF-QqLWT58aWiRV7w__thumb/img/OJRkVH8OmPyCtrpExfCW63phnkE=/fit-in/200x150/filters:strip_icc()/pic3893551.png,https://cf.geekdo-images.com/YGNk9UF-QqLWT58aWiRV7w__original/img/KdB7vv0-cUujU4-eE3udGR1xYKA=/0x0/filters:format(png)/pic3893551.png,Batman: Gotham City Chronicles,2019,222514,Frédéric Henry,1,0,0,2,4,60,90,14,0,0
18a3d456-6913-44df-8943-dfc81300f3e9,160,Batman: Gotham City Chronicles – Solo-Cooperative Mode Expansion,2024-07-05 11:18:27,false,true,false,false,https://cf.geekdo-images.com/i5r4zTNYzro-uSpy2HzLkw__thumb/img/GlMB1oHOPZ8LMVoU83vasK15vuI=/fit-in/200x150/filters:strip_icc()/pic8278315.jpg,https://cf.geekdo-images.com/i5r4zTNYzro-uSpy2HzLkw__original/img/e3w7js_0_uaFN8jZag8S7xLk4_U=/0x0/filters:format(jpeg)/pic8278315.jpg,Batman: Gotham City Chronicles – Solo-Cooperative Mode Expansion,2023,377990,Frédéric Henry,0,1,94,2,4,60,90,14,0,0
7fe43363-680e-4330-a4a1-ae1193d9f7e0,63,Battle Sheep,2020-07-27 11:49:12,false,true,false,false,https://cf.geekdo-images.com/thumb/img/F4l1NhtanHmFmQx6AnEDWxoPZ1M=/fit-in/200x150/pic1887253.jpg,https://cf.geekdo-images.com/original/img/mChWG7S6cqkr3jG7R5NZEJS6dqw=/0x0/pic1887253.jpg,Battle Sheep,2010,54137,Francesco Rotta,1,0,0,2,4,15,15,7,0,0
9c1bbaca-71d3-42ba-9030-8ab372d38f0f,75,Betrayal at House on the Hill,2021-10-03 14:00:33,false,false,true,false,https://cf.geekdo-images.com/thumb/img/9N_vkqFmwyQk_4xFvdOhfN8uVTw=/fit-in/200x150/pic5146864.png,https://cf.geekdo-images.com/original/img/U9FGhiyJR7_TM4IPQogUjbcoPmQ=/0x0/pic5146864.png,Betrayal at House on the Hill,2004,10547,"Bruce Glassco, Rob Daviau, Bill McQuillan, Mike Selinker, Teeuwynn Woodruff",1,0,0,3,6,60,60,12,0,0
fef635ff-3315-48b9-9bb9-40b34d8a75ff,7,Between Two Cities,2020-07-27 11:48:46,false,true,false,false,https://cf.geekdo-images.com/thumb/img/kJa-1qQZiIzeiCWYhxYJQeSeiaE=/fit-in/200x150/pic2326114.jpg,https://cf.geekdo-images.com/original/img/Su50y56tW7OpjmkxtJSobo5-U-0=/0x0/pic2326114.jpg,Between Two Cities,2015,168435,"Matthew O'Malley, Morten Monrad Pedersen, Ben Rosset",1,0,0,1,7,25,25,8,0,0
2a4db29a-2141-451f-bcec-c821870a8437,130,Between Two Cities: Capitals,2022-02-06 20:40:48,false,true,false,false,https://cf.geekdo-images.com/4X21IA7zKaI5A0wLVWlV0w__thumb/img/VtD0r2oPOd2urZvX56GTqHQrlYA=/fit-in/200x150/filters:strip_icc()/pic3531563.jpg,https://cf.geekdo-images.com/4X21IA7zKaI5A0wLVWlV0w__original/img/Lwu9Vp4NQJfFeDUZY8Kw83_Lvlw=/0x0/filters:format(jpeg)/pic3531563.jpg,Between Two Cities: Capitals,2017,225370,"Matthew O'Malley, Ben Rosset",0,1,0,1,7,30,35,8,0,0
4ee4999e-8dc2-4367-919b-58ab5da92e7a,8,Black Market Warehouse (First edition),2023-01-02 20:13:23,false,true,false,false,https://cf.geekdo-images.com/thumb/img/dbHDYtjT5_lRcVlUuIn9rjRlqAg=/fit-in/200x150/pic2016250.jpg,https://cf.geekdo-images.com/original/img/I1bgUK1UVI1CFvVtC6bdT6xJmN0=/0x0/pic2016250.jpg,Black Market Warehouse,2014,159084,Andrew T Dunay,1,0,0,2,4,30,30,0,0,0
113ad66b-50c3-48af-9e78-3f52e7ea703f,9,Blokus Duo,2020-07-27 11:48:46,false,false,false,false,https://cf.geekdo-images.com/thumb/img/CwqvwFDilIZoSVhfqr1b46PFJig=/fit-in/200x150/pic1086904.jpg,https://cf.geekdo-images.com/original/img/CQJysCFDDfXVRu5ECzH5n31Nek0=/0x0/pic1086904.jpg,Blokus Duo,2005,16395,Bernard Tavitian,1,0,0,2,2,15,15,5,0,0
83865c08-245c-4ce1-b474-c80d1632bd4e,10,BraveRats,2021-10-03 14:00:42,false,true,false,false,https://cf.geekdo-images.com/thumb/img/IIWtEdZePD0FEAtVGkOqsxNoYvw=/fit-in/200x150/pic5208405.jpg,https://cf.geekdo-images.com/original/img/i_-KF2FfH4K8JcDUzJzTJICu860=/0x0/pic5208405.jpg,BraveRats,2011,112373,Seiji Kanai,1,0,0,2,2,15,15,8,0,0
2a1bd65c-89b8-4479-bc38-07cea085937b,154,Burgle Bros 2: The Casino Capers,2023-08-19 22:16:06,true,true,true,false,https://cf.geekdo-images.com/YNcSJhDM_g-2av0pzNs4wQ__thumb/img/_3QhL_-pkBScdNFqOKxwj0zY-OA=/fit-in/200x150/filters:strip_icc()/pic6087472.png,https://cf.geekdo-images.com/YNcSJhDM_g-2av0pzNs4wQ__original/img/G87808ARUrKMTSecrfiZRUYNtyU=/0x0/filters:format(png)/pic6087472.png,Burgle Bros 2: The Casino Capers,2021,286537,"Tim Fowers, Jeff Krause",1,0,0,1,4,45,70,10,0,0
E5E69887-02B0-4D92-B572-818A53EC24BE,116,Carcassonne,2020-10-18 17:22:09,false,true,false,false,https://cf.geekdo-images.com/thumb/img/_C5pWATlaq3uS8u7IlFb0WMi_ak=/fit-in/200x150/filters:strip_icc()/pic2337577.jpg,https://cf.geekdo-images.com/original/img/o4p6f88SGE899BTNMzTvERVWZ-M=/0x0/pic2337577.jpg,Carcassonne,2000,822,Klaus-Jürgen Wrede,1,1,0,2,5,30,45,7,0,0
2A92D826-EF89-44A4-900C-42EB04D940A7,115,Carcassonne Junior,2020-10-17 16:49:50,false,true,false,false,https://cf.geekdo-images.com/thumb/img/p81GskaerF1PZR9S0XgVZamgGl0=/fit-in/200x150/filters:strip_icc()/pic5647237.png,https://cf.geekdo-images.com/original/img/E3j50zmpa745g3sDHRE4fCOBd5c=/0x0/pic5647237.png,Carcassonne Junior,2009,41010,Marco Teubner,1,0,0,2,4,10,20,4,0,0
1c2315fb-f1d4-4a0a-9939-c30280bcfe62,11,Cards Against Humanity,2023-01-02 20:13:49,false,true,false,false,https://cf.geekdo-images.com/thumb/img/RXuwz8i7pH7X7IXnVNeWAGXeHVc=/fit-in/200x150/pic2909692.jpg,https://cf.geekdo-images.com/original/img/jg6r3iBsIWQAIFhrcGlQ1o-ZfzQ=/0x0/pic2909692.jpg,Cards Against Humanity,2009,50381,"Josh Dillon, Daniel Dranove, Eli Halpern, Ben Hantoot, David Munk, David Pinsof, Max Temkin, Eliot Weinstein",1,1,0,4,30,30,30,17,0,0
4b70a1d9-c4b3-481a-8b4a-3d4182fa232c,93,Cards Against Humanity: First Expansion,2023-01-02 20:13:32,false,true,false,false,https://cf.geekdo-images.com/thumb/img/TJc7F0LBlCCwwUt0d5e431PQ9no=/fit-in/200x150/pic2006294.png,https://cf.geekdo-images.com/original/img/PEYMiCbQZsiT7OBkn905btjXllY=/0x0/pic2006294.png,Cards Against Humanity: First Expansion,2011,111861,"Josh Dillon, Daniel Dranove, Eli Halpern, Ben Hantoot, David Munk, David Pinsof, Max Temkin, Eliot Weinstein",0,1,0,4,30,30,30,16,0,0
27d3981b-af80-4c50-bccc-d883465bcec3,96,Cards Against Humanity: Second Expansion,2023-01-02 20:13:15,false,true,false,false,https://cf.geekdo-images.com/thumb/img/HoF4aGv9bRHS5LHiCm1wq1Xd27c=/fit-in/200x150/pic1410357.jpg,https://cf.geekdo-images.com/original/img/tYVsDi-z13bnaw2Foon4-5mtctM=/0x0/pic1410357.jpg,Cards Against Humanity: Second Expansion,2012,127354,"Josh Dillon, Daniel Dranove, Eli Halpern, Ben Hantoot, David Munk, David Pinsof, Max Temkin, Eliot Weinstein",0,1,0,4,30,30,30,17,0,0
214cf3c0-a381-4a5e-b179-ec9a13bb185b,159,Cascadia,2024-03-17 22:49:35,false,true,false,false,https://cf.geekdo-images.com/MjeJZfulbsM1DSV3DrGJYA__thumb/img/tVSFjSxYEcw7sKj3unIIQV8kxoc=/fit-in/200x150/filters:strip_icc()/pic5100691.jpg,https://cf.geekdo-images.com/MjeJZfulbsM1DSV3DrGJYA__original/img/B374C04Eip7fmQBGJzgiOTp-jyQ=/0x0/filters:format(jpeg)/pic5100691.jpg,Cascadia,2021,295947,Randy Flynn,1,0,80,1,4,30,45,10,0,0
07a85bf6-0663-4890-9306-3feab8171d86,14,Catan,2021-10-03 14:00:27,false,true,false,false,https://cf.geekdo-images.com/thumb/img/g8LvJsd2oLAub6AEKN_Xpdoi8Sw=/fit-in/200x150/pic2419375.jpg,https://cf.geekdo-images.com/original/img/A-0yDJkve0avEicYQ4HoNO-HkK8=/0x0/pic2419375.jpg,Catan,1995,13,Klaus Teuber,1,0,0,3,4,60,120,10,0,0
A7673101-1E50-4647-A6AF-3F2654164690,117,Catan,2021-10-03 14:00:27,false,true,false,false,https://cf.geekdo-images.com/thumb/img/8a9HeqFydO7Uun_le9bXWPnidcA=/fit-in/200x150/filters:strip_icc()/pic2419375.jpg,https://cf.geekdo-images.com/original/img/A-0yDJkve0avEicYQ4HoNO-HkK8=/0x0/pic2419375.jpg,Catan,1995,13,Klaus Teuber,1,0,0,3,4,60,120,10,0,0
edba4347-42ed-47d9-a3cb-a8da835feb3f,15,Catan: Cities & Knights,2021-10-03 14:00:29,false,true,false,false,https://cf.geekdo-images.com/thumb/img/md4I7PPXsa2BtfG2BwlxYUAnA7k=/fit-in/200x150/pic2420315.jpg,https://cf.geekdo-images.com/original/img/fnZmueQkDuddB5WC3eXQgBVTFvM=/0x0/pic2420315.jpg,Catan: Cities & Knights,1998,926,Klaus Teuber,0,1,0,3,4,90,90,12,0,0
ab6888db-4469-46c4-9121-ef244a439733,16,Catan: Seafarers,2021-10-03 14:00:35,false,true,false,false,https://cf.geekdo-images.com/thumb/img/j2wrX_PT1lLpXXT5fuqL4NNmrFA=/fit-in/200x150/pic2420293.jpg,https://cf.geekdo-images.com/original/img/69oncQruexfKlfgEaZ8qFXeD1UE=/0x0/pic2420293.jpg,Catan: Seafarers,1997,325,Klaus Teuber,0,1,0,3,4,90,90,10,0,0
99d94f88-9a22-45ca-96a8-853f66fd1bd1,17,Clue,2021-10-03 14:00:27,false,true,false,false,https://cf.geekdo-images.com/thumb/img/5mHD-lUlTMHXTV81HKOH8uQ-LNE=/fit-in/200x150/pic5146918.png,https://cf.geekdo-images.com/original/img/XUR24DQbxy3OHRC8lSJg6INzxCU=/0x0/pic5146918.png,Clue,1949,1294,Anthony E. Pratt,1,0,0,2,6,45,45,8,0,0
12b7630e-e3cb-4bd9-b6e2-5b22d6f94558,67,Clue: Harry Potter Edition,2021-10-03 14:00:26,false,true,false,false,https://cf.geekdo-images.com/thumb/img/ImxKZ08mXnKosK0FJOs04f1ZDpc=/fit-in/200x150/pic3062134.jpg,https://cf.geekdo-images.com/original/img/v9EwmmbTMm9lSmTH7buYcOuEBqs=/0x0/pic3062134.jpg,Clue: Harry Potter Edition,2008,38026,Rob Daviau,1,0,0,3,5,30,30,9,0,0
43ae77d2-8af7-4c5e-bbcb-bc22718d7fca,76,Codenames,2020-07-27 11:49:12,false,true,true,true,https://cf.geekdo-images.com/thumb/img/jEZ06Ca_jj1919XUS4DgBaaxAN8=/fit-in/200x150/pic2582929.jpg,https://cf.geekdo-images.com/original/img/MJ6MNz8-_rb1C2VUTnYBTYOiiy0=/0x0/pic2582929.jpg,Codenames,2015,178900,Vlaada Chvátil,1,1,0,2,8,15,15,14,0,0
e3fc4db6-7398-4974-8181-5a9bff0e7803,84,Codenames: Disney Family Edition,2021-10-03 14:00:39,false,true,false,true,https://cf.geekdo-images.com/thumb/img/qrwJhPgXOMzl-jNzuNdmpOvcSYk=/fit-in/200x150/pic3626220.jpg,https://cf.geekdo-images.com/original/img/l18VOE9jJuDlcpq0Oady6fSizA8=/0x0/pic3626220.jpg,Codenames: Disney Family Edition,2017,220775,Vlaada Chvátil,1,1,0,2,8,15,15,8,0,0
bb2d6bd2-c667-409b-99c0-cabfb1b94bbe,18,Codenames: Pictures,2021-10-03 14:00:42,false,true,false,true,https://cf.geekdo-images.com/thumb/img/aFloSnsyUz2lGVj3gzUpcV7EAWM=/fit-in/200x150/pic3476592.jpg,https://cf.geekdo-images.com/original/img/3eKT0zKPngjPLWx2aIr2Mgv1IMI=/0x0/pic3476592.jpg,Codenames: Pictures,2016,198773,Vlaada Chvátil,1,1,0,2,8,15,15,10,0,0
25f848fe-270d-4bbf-bdba-66455e5b4409,91,Concept,2021-10-03 14:00:36,false,true,false,true,https://cf.geekdo-images.com/thumb/img/ZriK5vUuaorEs1npt_VNigW_vYk=/fit-in/200x150/pic4991925.jpg,https://cf.geekdo-images.com/original/img/R4YXvh95ohNbupeaorFOeozG3LE=/0x0/pic4991925.jpg,Concept,2013,147151,"Gaëtan Beaujannot, Alain Rivollet",1,0,0,4,12,40,40,10,0,0
0D2E4700-C8FA-46F1-8C29-EABD3956709E,114,Coup,2021-02-05 16:02:33,false,true,false,false,https://cf.geekdo-images.com/thumb/img/vuR_0PCX1w2EkjO_LbchOHZPOwU=/fit-in/200x150/filters:strip_icc()/pic2016054.jpg,https://cf.geekdo-images.com/original/img/4zmqrQ4v-rufRQM_oinFDQ6HykI=/0x0/pic2016054.jpg,Coup,2012,131357,Rikki Tahta,1,0,0,2,6,15,15,13,0,0
40a247bc-b8c8-44e0-8783-e444bb60cf76,88,Cranium,2020-07-27 11:49:12,false,true,true,true,https://cf.geekdo-images.com/thumb/img/Epvj9AcRZhMtyzaGtepSl9kmV64=/fit-in/200x150/pic4994220.jpg,https://cf.geekdo-images.com/original/img/bEWXs9EG5Wtav_nU43SaUvZh4SU=/0x0/pic4994220.jpg,Cranium,1998,891,"Whit Alexander, Richard Tait",1,0,0,4,16,60,60,13,0,0
3a6546b6-46df-4f00-8007-c68e87ed3c51,19,Curses!,2021-10-03 14:00:33,false,true,false,false,https://cf.geekdo-images.com/thumb/img/KCd0hvTAJpRv1CUKhVmRZxDIeKE=/fit-in/200x150/pic18372.jpg,https://cf.geekdo-images.com/original/img/KAL9IglOz-IwTEoZnqzgkC0Idvg=/0x0/pic18372.jpg,Curses!,2001,5298,Brian Tinsman,1,1,0,3,6,25,25,12,0,0
1ac0da9c-1ff0-45b0-8999-cfb5255fe08b,149,Descent: Legends of the Dark,2023-06-25 10:40:03,true,false,true,false,https://cf.geekdo-images.com/Q96PxRVbrDxS9_4ZPTJtHQ__thumb/img/hXnjkvD7KiLk2fon8tbvsXNtT_k=/fit-in/200x150/filters:strip_icc()/pic5941333.png,https://cf.geekdo-images.com/Q96PxRVbrDxS9_4ZPTJtHQ__original/img/kGU8ligha3fyP0LuVTwmLMK9yEQ=/0x0/filters:format(png)/pic5941333.png,Descent: Legends of the Dark,2021,322708,"Kara Centell-Dunk, Nathan I. Hajek",1,0,0,1,4,120,180,14,0,0
e941cd3c-24db-4ff9-929c-fa5d0cdab2de,81,Dice Throne,2024-07-05 11:48:32,false,true,true,false,https://cf.geekdo-images.com/thumb/img/c3iFDNwbyZimJmQ5WGz0KgXT0Cg=/fit-in/200x150/pic4490309.png,https://cf.geekdo-images.com/original/img/OaO4xgABZVYl-8wPXKlhNgAgjoQ=/0x0/pic4490309.png,Dice Throne,2018,268201,"Nate Chatellier, Manny Trembley",1,1,0,2,6,20,40,8,0,0
29226495-e792-4d99-a204-70d0820c07a6,122,Dice Throne Adventures,2023-08-17 19:31:47,true,true,false,false,https://cf.geekdo-images.com/LX9-nAeBOsIM5H4CjmYjlQ__thumb/img/sBFdnwyx47mDVF40gN-RU9Ma3H4=/fit-in/200x150/filters:strip_icc()/pic5002497.jpg,https://cf.geekdo-images.com/LX9-nAeBOsIM5H4CjmYjlQ__original/img/lO7wT-Qk9qVOulZeviequxn2Rws=/0x0/filters:format(jpeg)/pic5002497.jpg,Dice Throne Adventures,2020,281332,"Gavan Brown, Nate Chatellier, Manny Trembley",1,1,0,1,4,90,120,8,0,0
37306495-e501-492a-a357-8b64c7ef7775,120,Dice Throne: Season Two – Battle Chest,2020-12-15 11:46:11,false,true,false,false,https://cf.geekdo-images.com/lJkCMk1jwCl-KHSPZJCPZQ__thumb/img/93EGDw0NSm91SomXH38d4XvhlSk=/fit-in/200x150/filters:strip_icc()/pic4441140.jpg,https://cf.geekdo-images.com/lJkCMk1jwCl-KHSPZJCPZQ__original/img/NDjTSCXG57cj1iz3kVxeEPMGx60=/0x0/pic4441140.jpg,Dice Throne: Season Two – Battle Chest,2018,244271,"Nate Chatellier, Manny Trembley",1,1,0,2,6,20,40,8,0,0
35848507-464d-4b9b-b291-6985a531abf1,20,Dixit,2021-12-10 21:59:53,false,true,false,false,https://cf.geekdo-images.com/thumb/img/-pTlIzjMjawpDvdG3TBwsUrHrk4=/fit-in/200x150/pic3483909.jpg,https://cf.geekdo-images.com/original/img/m74nctbYaqTy03r8s_i_KTyvbYQ=/0x0/pic3483909.jpg,Dixit,2008,39856,Jean-Louis Roubira,1,1,0,3,6,30,30,8,0,0
4175faf3-cd02-41c5-a500-a74b3a2a5f9b,92,Dixit: Quest,2021-10-03 14:00:40,false,true,false,false,https://cf.geekdo-images.com/thumb/img/vYdH78hyxlrUm1KQ1Nc9tmVEpSM=/fit-in/200x150/pic1632141.jpg,https://cf.geekdo-images.com/original/img/sx8CpOHJnRZSjB961q9R_SmFyfc=/0x0/pic1632141.jpg,Dixit: Quest,2010,55660,Jean-Louis Roubira,0,1,0,3,6,30,30,8,0,0
f1eccfca-635b-43ed-9eb9-e25deadbcac7,150,Doomlings,2023-01-20 21:35:51,false,true,false,false,https://cf.geekdo-images.com/FHz027G3FvYRRrrA0oEQNQ__thumb/img/uC7vmCIqov-o1tzOhzAbLfFnllU=/fit-in/200x150/filters:strip_icc()/pic7064365.jpg,https://cf.geekdo-images.com/FHz027G3FvYRRrrA0oEQNQ__original/img/_9ThvyvAqIAGTXJcsoGv7Mwjk-o=/0x0/filters:format(jpeg)/pic7064365.jpg,Doomlings,2022,324413,"Justus Meyer, Andrew Meyer",1,0,0,2,6,20,45,10,0,0
e8e24482-ef52-44d0-a854-484a4783e35f,158,Dune: Imperium,2024-03-10 23:37:47,false,true,false,false,https://cf.geekdo-images.com/PhjygpWSo-0labGrPBMyyg__thumb/img/JGgY-nBmkyB8WRp8vcoBLlNMQ5U=/fit-in/200x150/filters:strip_icc()/pic5666597.jpg,https://cf.geekdo-images.com/PhjygpWSo-0labGrPBMyyg__original/img/mZzaBAEEJpMlHWWmC0R6Su0OibQ=/0x0/filters:format(jpeg)/pic5666597.jpg,Dune: Imperium,2020,316554,Paul Dennen,1,1,84,1,4,60,120,14,0,0
F97187C5-DB54-4E65-AD81-32CFC44DDC4E,112,Dungeons & Dragons Starter Set,2020-12-13 09:57:10,false,true,false,false,https://cf.geekdo-images.com/thumb/img/e_R-CGKhA23h-q4l5_oxXvshNj0=/fit-in/200x150/filters:strip_icc()/pic4222497.png,https://cf.geekdo-images.com/original/img/XjQB0hNuu4Z_V0TfLDDA05-Epu0=/0x0/pic4222497.png,Dungeons & Dragons Starter Set,2008,94902,Bill Slavicsek,1,0,0,2,6,60,60,12,0,0
f6163503-f5b2-459a-a60a-0d2dfd76c244,22,Exit: The Game – The Abandoned Cabin,2021-10-03 14:00:29,true,false,false,false,https://cf.geekdo-images.com/thumb/img/Y0JBkmYOIzpkKp3g_4EVT9Xl61c=/fit-in/200x150/pic3332426.jpg,https://cf.geekdo-images.com/original/img/r6TX6WjqRCHRRDty5s5_9kxE5XQ=/0x0/pic3332426.jpg,Exit: The Game – The Abandoned Cabin,2016,203420,"Inka Brand, Markus Brand",1,0,0,1,6,60,120,12,0,0
464676ab-a69b-4b69-b369-c7abd5fcbfca,23,Exit: The Game – The Forgotten Island,2021-10-03 14:00:30,true,true,false,false,https://cf.geekdo-images.com/thumb/img/9ONrWUEtdoK68wy7yj50g7YYunc=/fit-in/200x150/pic3663356.jpg,https://cf.geekdo-images.com/original/img/flRngUcuFaNFY5t_HA2l-yVopS0=/0x0/pic3663356.jpg,Exit: The Game – The Forgotten Island,2017,215841,"Inka Brand, Markus Brand",1,0,0,1,4,45,90,12,0,0
a00af602-d545-4dff-8b62-779d41f5709e,161,Exit: The Game – The Professor's Last Riddle,2024-11-26 20:43:34,false,true,false,false,https://cf.geekdo-images.com/0EcFnlbxRBajJkTqTdYhrg__thumb/img/oig4cEskzOBMNo_AQz5Rhb2q758=/fit-in/200x150/filters:strip_icc()/pic7233514.jpg,https://cf.geekdo-images.com/0EcFnlbxRBajJkTqTdYhrg__original/img/hxg_i_Q-WYMTkl9CH-mzX2tobjs=/0x0/filters:format(jpeg)/pic7233514.jpg,Exit: The Game – The Professor's Last Riddle,2022,356313,"Inka Brand, Markus Brand",1,0,78,1,4,45,90,12,0,0
522ec4c3-2e6e-4094-8410-e834afcd1564,80,Exploding Kittens,2020-07-27 11:49:12,false,true,false,false,https://cf.geekdo-images.com/thumb/img/qW31_tueq5049lRyZ--sPI-rlBU=/fit-in/200x150/pic2691976.png,https://cf.geekdo-images.com/original/img/XW9wAqKOy8kvH6TqxtuwAdFuAoo=/0x0/pic2691976.png,Exploding Kittens,2015,172225,"Matthew Inman, Elan Lee, Shane Small",1,1,0,2,5,15,15,7,0,0
9244d6d5-c4cb-4f32-9b4a-7be4aefaa145,24,Flash Point: Fire Rescue,2022-06-16 20:52:15,true,true,true,false,https://cf.geekdo-images.com/thumb/img/U3IWrvKrFjj-LD1j7QLQgv5afXw=/fit-in/200x150/pic1129370.jpg,https://cf.geekdo-images.com/original/img/iYoZCeHO5Zyd7kkEMK2e-KHAuDU=/0x0/pic1129370.jpg,Flash Point: Fire Rescue,2011,100901,Kevin Lanzing,1,0,0,2,6,45,45,10,0,0
e6a0375f-743f-4203-81a7-3579982d1d8e,25,Forbidden Island,2021-10-03 14:00:37,true,true,true,false,https://cf.geekdo-images.com/thumb/img/HHXWNMiV-E2KKATrDYd94EVAV_w=/fit-in/200x150/pic646458.jpg,https://cf.geekdo-images.com/original/img/GxHuu04GdLw8PAnt9SOYRU5gR1A=/0x0/pic646458.jpg,Forbidden Island,2010,65244,Matt Leacock,1,0,0,2,4,30,30,10,0,0
f07f1aa4-c9b5-476c-aa8f-51c58d7b2170,74,Forbidden Sky,2020-07-27 11:49:12,true,false,true,false,https://cf.geekdo-images.com/thumb/img/nFBpmPaBBm5fDlfaZivmCRPQvTI=/fit-in/200x150/pic4177924.jpg,https://cf.geekdo-images.com/original/img/J8BuhWMEJagWrAJCtrTN6r06SB4=/0x0/pic4177924.jpg,Forbidden Sky,2018,245271,Matt Leacock,1,0,0,2,5,60,60,10,0,0
e5a2cd90-666b-4b5a-9fbe-166d9ba5d997,146,Foundations of Rome,2022-11-26 17:16:29,false,true,false,false,https://cf.geekdo-images.com/lRB91NF3OPeSff2o17NX3Q__thumb/img/CWAVZWfBegleQWJVhkehmDmxnbU=/fit-in/200x150/filters:strip_icc()/pic6706206.jpg,https://cf.geekdo-images.com/lRB91NF3OPeSff2o17NX3Q__original/img/jAHfBChl4OzC5QbZbrS-kEqrkUE=/0x0/filters:format(jpeg)/pic6706206.jpg,Foundations of Rome,2022,284189,Emerson Matsuuchi,1,0,0,2,4,60,90,13,0,0
7b02c2df-66cd-40b0-89c5-9a0bf1078a00,156,Frosthaven,2024-03-15 23:26:22,true,true,true,false,https://cf.geekdo-images.com/iEBr5o8AbJi9V9cgQcYROQ__thumb/img/a_VDlLgE8s8bfaQKwHlHu2KoQwo=/fit-in/200x150/filters:strip_icc()/pic6177719.jpg,https://cf.geekdo-images.com/iEBr5o8AbJi9V9cgQcYROQ__original/img/ZNt6bSM6kCGFzN1_mzuPl4wCbyM=/0x0/filters:format(jpeg)/pic6177719.jpg,Frosthaven,2022,295770,Isaac Childres,1,1,0,1,4,30,120,14,0,0
b6dcd4c9-6fb5-4402-9b92-863d9fc9a8c4,97,Gloom,2020-07-31 20:55:41,false,false,false,false,https://cf.geekdo-images.com/thumb/img/ZCeiYgRQENcekXglJLLxM70ZL5s=/fit-in/200x150/pic2080481.jpg,https://cf.geekdo-images.com/original/img/mBpZsdBwyyDbsX6NFegQ-ol68P8=/0x0/pic2080481.jpg,Gloom,2005,12692,Keith Baker,1,1,0,2,4,60,60,13,0,0
296f3874-3e77-4917-abbd-b4df61892154,26,Gloomhaven,2021-10-03 14:00:38,true,false,true,false,https://cf.geekdo-images.com/thumb/img/e7GyV4PaNtwmalU-EQAGecwoBSI=/fit-in/200x150/pic2437871.jpg,https://cf.geekdo-images.com/original/img/lDN358RgcYvQfYYN6Oy2TXpifyM=/0x0/pic2437871.jpg,Gloomhaven,2017,174430,Isaac Childres,1,1,0,1,4,60,120,14,0,0
2ba0b36c-d352-458a-82b5-6d8043771295,99,Gloomhaven: Jaws of the Lion,2023-07-09 20:47:57,true,false,true,false,https://cf.geekdo-images.com/thumb/img/OMkN_E5eyWrkID_cHCnQEbIixGM=/fit-in/200x150/filters:strip_icc()/pic5055631.jpg,https://cf.geekdo-images.com/original/img/FHpPH2vPw6VAJGodpGaQYOdTGIg=/0x0/pic5055631.jpg,Gloomhaven: Jaws of the Lion,2020,291457,Isaac Childres,1,1,0,1,4,30,120,14,0,0
b4fac8f0-452d-46b7-a3e7-69883b3b9fb7,27,Haggis,2020-07-27 11:48:47,false,true,false,false,https://cf.geekdo-images.com/thumb/img/yaxZBMXHZ2KdBFskl8DvB8T6l-U=/fit-in/200x150/pic807564.jpg,https://cf.geekdo-images.com/original/img/LlHrWl-ucstd7IxQ-Sj_KEsdVNk=/0x0/pic807564.jpg,Haggis,2010,37628,Sean Ross (I),1,0,0,2,3,45,45,13,0,0
aceb7319-262c-42f7-8c80-2dbf71a64b74,28,Hanabi,2021-10-03 14:00:37,true,true,false,false,https://cf.geekdo-images.com/thumb/img/43_iOPRGbt6KUK1iwH4T38-4XYY=/fit-in/200x150/pic2007286.jpg,https://cf.geekdo-images.com/original/img/Wkrf8z3pMlOFKwxafbw9-Ob404s=/0x0/pic2007286.jpg,Hanabi,2010,98778,Antoine Bauza,1,0,0,2,5,25,25,8,0,0
6c6bec43-7b75-4b76-8737-445f36b7b3b5,2,Harry Potter: Hogwarts Battle,2021-10-03 14:00:26,true,false,true,false,https://cf.geekdo-images.com/thumb/img/dA9SVRpw-MVEN0r1E3TW8fA8zTQ=/fit-in/200x150/pic3518231.jpg,https://cf.geekdo-images.com/original/img/QfSBPJDuntV80tNqwBqbJqtiJ90=/0x0/pic3518231.jpg,Harry Potter: Hogwarts Battle,2016,199042,"Forrest-Pruzan Creative, Kami Mandell, Andrew Wolf",1,0,0,2,4,30,60,11,0,0
f25455ee-abd7-4c5b-b560-907787e8ff45,144,Here to Slay,2022-10-08 21:38:52,false,true,false,false,https://cf.geekdo-images.com/ozUv3be9fcf28tJk30bNow__thumb/img/H-JU6r_wjLQTmAV4gX9pQbiT6_U=/fit-in/200x150/filters:strip_icc()/pic5181432.jpg,https://cf.geekdo-images.com/ozUv3be9fcf28tJk30bNow__original/img/digC3cWVMhV6rlcE0AEcoVkmVI0=/0x0/filters:format(jpeg)/pic5181432.jpg,Here to Slay,2020,299252,Ramy Badie,1,0,0,2,6,30,60,10,0,0
727b091a-870f-4b7f-8aa9-a18ca3ad6151,29,Holding On: The Troubled Life of Billy Kerr,2021-10-03 14:00:35,true,true,true,false,https://cf.geekdo-images.com/thumb/img/2gCX6xwopvyYQQyAlMuhY_mmRzs=/fit-in/200x150/pic4177569.jpg,https://cf.geekdo-images.com/original/img/Rk3h0Udk8HEsueZYvigcsIRRO6k=/0x0/pic4177569.jpg,Holding On: The Troubled Life of Billy Kerr,2018,245444,"Michael Fox (II), Rory O'Connor",1,0,0,2,4,45,60,14,0,0
6c2152dd-1342-42b1-83e4-3c60b6f7d4df,1,Jaipur,2021-10-03 14:00:29,false,true,false,false,https://cf.geekdo-images.com/thumb/img/bKogxVLnOSfLrLyPDFtsjKGh5nA=/fit-in/200x150/pic5100947.jpg,https://cf.geekdo-images.com/original/img/oSMirTNRZpn6QAXpDLDrGixCyAY=/0x0/pic5100947.jpg,Jaipur,2009,54043,Sébastien Pauchon,1,0,0,2,2,30,30,12,0,0
1fc4e12a-407e-410d-b89c-d7a2ceee1305,89,Kingdomino,2021-10-03 14:00:30,false,true,false,false,https://cf.geekdo-images.com/thumb/img/gE7UpZsOyGWZrENKvoEA9ovTVqc=/fit-in/200x150/pic3132685.png,https://cf.geekdo-images.com/original/img/iDSCIiCAd9SQHv3WoYX0QdvDE_0=/0x0/pic3132685.png,Kingdomino,2016,204583,Bruno Cathala,1,1,0,2,4,15,20,8,0,0
b510db8f-c11e-4581-bd5f-1cc98b95f816,62,Lost Cities,2020-07-27 11:49:12,false,true,false,false,https://cf.geekdo-images.com/thumb/img/9wbe0O4YeIw9q9YZ9wObFiEHooQ=/fit-in/200x150/pic4597095.jpg,https://cf.geekdo-images.com/original/img/d47X0B235NonZ2PJGCFGNZQVWvo=/0x0/pic4597095.jpg,Lost Cities,1999,50,Reiner Knizia,1,0,0,2,2,30,30,10,0,0
4b57f870-f012-40da-ae40-748e3514202c,30,Love Letter,2021-10-03 14:00:36,false,true,false,false,https://cf.geekdo-images.com/thumb/img/5UWTReXVz1-gn2t0eiFzeosvfWs=/fit-in/200x150/pic1401448.jpg,https://cf.geekdo-images.com/original/img/GuLL8qnP2Kv6cJatUQskLg9Ad0s=/0x0/pic1401448.jpg,Love Letter,2012,129622,Seiji Kanai,1,0,0,2,4,20,20,10,0,0
3426dd25-cd18-4f53-94b7-d05fa25eea9f,78,Magic Maze,2020-07-27 11:49:12,true,true,true,false,https://cf.geekdo-images.com/thumb/img/QQmbriHVC3XKpxFeEx9vRHXptcs=/fit-in/200x150/pic3268473.jpg,https://cf.geekdo-images.com/original/img/wX-3MGic-uzIqnNeEZcZlWPKwrA=/0x0/pic3268473.jpg,Magic Maze,2017,209778,Kasper Lapp,1,0,0,1,8,15,15,8,0,0
bba9ce3d-ed48-4218-a1a6-d97644b81435,129,Mansions of Madness: Second Edition,2022-01-15 19:50:10,true,false,true,false,https://cf.geekdo-images.com/LIooA9bTdjnE9qmhjL-UFw__thumb/img/kwaa7aI2sMeyWV5JSRKcKrS5hC8=/fit-in/200x150/filters:strip_icc()/pic3118622.jpg,https://cf.geekdo-images.com/LIooA9bTdjnE9qmhjL-UFw__original/img/Go6c8-ZiXomS8E7X4MBCdDd-aZc=/0x0/filters:format(jpeg)/pic3118622.jpg,Mansions of Madness: Second Edition,2016,205059,Nikki Valens,1,0,0,1,5,120,180,14,0,0
498b7fa0-14b9-4ce5-8437-c563fdbfd617,140,Marvel Dice Throne,2022-08-26 22:12:05,false,false,true,false,https://cf.geekdo-images.com/LEkxd7ts6JwMvNBkz6Eavw__thumb/img/42MA7lGbfeM-hePXc7Dy3JwBj9k=/fit-in/200x150/filters:strip_icc()/pic6796048.jpg,https://cf.geekdo-images.com/LEkxd7ts6JwMvNBkz6Eavw__original/img/k82R6yTM1OghfGGndt2-cCC5Mrc=/0x0/filters:format(jpeg)/pic6796048.jpg,Marvel Dice Throne,2022,348406,"Gavan Brown, Nate Chatellier, Manny Trembley",1,1,0,2,6,20,40,8,0,0
3db3574f-8c5c-4034-9566-33fbeb4ee25a,31,Merchants & Marauders (English first edition),2020-07-27 11:48:46,false,true,false,false,https://cf.geekdo-images.com/thumb/img/frmqzXc01uvqO6usycue7Tnz8xI=/fit-in/200x150/pic738119.jpg,https://cf.geekdo-images.com/original/img/mNWaseFj2eSJP6VdhsIs9GdeYSs=/0x0/pic738119.jpg,Merchants & Marauders,2010,25292,"Kasper Aagaard, Christian Marcussen",1,0,0,2,4,180,180,13,0,0
c0620bb1-75f0-43f9-b8b8-c02888760a6b,162,Modern Art Card Game,2024-12-25 14:00:04,false,true,false,false,https://cf.geekdo-images.com/IaDnOasIk_DG1AqGWOGrnw__thumb/img/RnEPbLSdGDenuP9xemsmFspb5iI=/fit-in/200x150/filters:strip_icc()/pic5476259.jpg,https://cf.geekdo-images.com/IaDnOasIk_DG1AqGWOGrnw__original/img/QxOHmUjU4Rl4N5iJQ1D3_ej_qwc=/0x0/filters:format(jpeg)/pic5476259.jpg,Modern Art Card Game,2008,40381,Reiner Knizia,1,0,66,2,5,20,30,8,0,0
adbfa054-08ca-442f-8971-464507513753,147,Monikers,2023-08-18 08:27:51,false,true,false,true,https://cf.geekdo-images.com/4ipWVnxUSwnSVywPTitgvQ__thumb/img/PKTxQLl1ciuRFeydE4-OQt6axBE=/fit-in/200x150/filters:strip_icc()/pic6346032.png,https://cf.geekdo-images.com/4ipWVnxUSwnSVywPTitgvQ__original/img/8HVhyVZH9-j3g2vge43Xvji-vX0=/0x0/filters:format(png)/pic6346032.png,Monikers,2015,156546,"Alex Hague, Justin Vickers",1,1,0,4,16,30,60,17,0,0
bcef2a45-0482-4d35-904e-f9c5e809d0e7,32,Munchkin,2021-10-03 14:00:26,false,true,false,false,https://cf.geekdo-images.com/thumb/img/saJlX2v5E2boJNNAU-QPq12DHXs=/fit-in/200x150/pic1871016.jpg,https://cf.geekdo-images.com/original/img/vp7LtUmBZgIRMwa8qwRpVkHIFnU=/0x0/pic1871016.jpg,Munchkin,2001,1927,Steve Jackson (I),1,1,0,3,6,60,120,10,0,0
cb88bab3-cb2f-4f01-bcad-4205ab334e69,33,Munchkin Axe Cop,2021-10-03 14:00:34,false,true,false,false,https://cf.geekdo-images.com/thumb/img/XzvXu98RsuuLCMGGP0fqd4y6HDQ=/fit-in/200x150/pic1045944.jpg,https://cf.geekdo-images.com/original/img/qTzhA2vW_ILx1NkMvJnulk6h2HE=/0x0/pic1045944.jpg,Munchkin Axe Cop,2011,94915,Steve Jackson (I),1,1,0,3,6,60,120,10,0,0
c75860de-395f-43f3-b66c-7e2b630ad3d5,34,Munchkin Booty,2021-10-03 14:00:33,false,true,false,false,https://cf.geekdo-images.com/thumb/img/8iHjeoDGb5QTaGms1b6fXqZ8THY=/fit-in/200x150/pic338759.jpg,https://cf.geekdo-images.com/original/img/uHFOOmv5bVgdT1LxRO1t53S1rXY=/0x0/pic338759.jpg,Munchkin Booty,2008,31920,Steve Jackson (I),1,1,0,3,6,90,90,10,0,0
ee46178b-33d9-470d-a8b2-83bf95c34668,95,Munchkin Booty 2: Jump the Shark,2021-10-03 14:00:42,false,true,false,false,https://cf.geekdo-images.com/thumb/img/-y3KYJT4QVJfXVF64nF1LYeYUBQ=/fit-in/200x150/pic408659.jpg,https://cf.geekdo-images.com/original/img/FfzRABTj6KRcohnyPFOT5KDWBFk=/0x0/pic408659.jpg,Munchkin Booty 2: Jump the Shark,2009,39801,Steve Jackson (I),0,1,0,3,6,90,90,10,0,0
5c89dd9c-f788-44c1-b571-4464c1cc5bde,36,Mysterium,2021-10-03 14:00:33,true,false,true,false,https://cf.geekdo-images.com/thumb/img/J6CuMx6ErFJcgrQtqziiwTgviZI=/fit-in/200x150/pic2601683.jpg,https://cf.geekdo-images.com/original/img/0Roco0dhRvVW8QUZjUl2N-Yn9bg=/0x0/pic2601683.jpg,Mysterium,2015,181304,"Oleksandr Nevskiy, Oleg Sidorenko",1,0,0,2,7,42,42,10,0,0
090463e1-308a-494a-bf0d-f30678e8cd37,135,Namiji,2022-04-29 20:21:32,false,true,false,false,https://cf.geekdo-images.com/AW6IWjNVwOOLxVHepkQk1g__thumb/img/pDLMyt8zz2ga13wKW0ayyjVRkOw=/fit-in/200x150/filters:strip_icc()/pic4629265.jpg,https://cf.geekdo-images.com/AW6IWjNVwOOLxVHepkQk1g__original/img/vrWnwd7-67YNTr4XFra222jO3Sk=/0x0/filters:format(jpeg)/pic4629265.jpg,Namiji,2022,275215,Antoine Bauza,1,0,0,2,5,30,45,8,0,0
4f91d5ff-81f6-4f82-b695-d8fa9af6c90d,37,Near and Far,2021-12-23 20:46:11,false,true,false,false,https://cf.geekdo-images.com/thumb/img/PDunwFmZeYRfCXx2B5glMugNofk=/fit-in/200x150/pic3605785.jpg,https://cf.geekdo-images.com/original/img/dFRj2pvdItHOWPBfocWU0Pm0Z-A=/0x0/pic3605785.jpg,Near and Far,2017,195421,Ryan Laukat,1,1,0,2,4,90,120,13,0,0
14906c32-642d-4acf-8939-c6478277b8fc,90,New York Slice,2020-07-27 12:10:09,false,true,false,false,,,,0,0,,,,0,0,0,0,0,0,0,0
61735fa0-d88b-41b7-b29f-fddccf7b899e,70,One Night Ultimate Werewolf,2021-10-03 14:00:41,false,false,true,false,https://cf.geekdo-images.com/thumb/img/E1Aka3dgRRi0d_yg3LpZi4948iY=/fit-in/200x150/pic1809823.jpg,https://cf.geekdo-images.com/original/img/r7HeuJg7g-g4gEIeIZv6x0gVL9E=/0x0/pic1809823.jpg,One Night Ultimate Werewolf,2014,147949,"Ted Alspach, Akihisa Okui",1,1,0,3,10,10,10,8,0,0
21837d10-698a-4318-b823-308fe9da2dc4,121,Organ ATTACK!,2021-02-12 07:56:49,false,true,false,false,https://cf.geekdo-images.com/vY75u5jqt_YpDVdc86tqYg__thumb/img/UoCTXDkicCwRj4MI-ySp4CVn11A=/fit-in/200x150/filters:strip_icc()/pic4417656.jpg,https://cf.geekdo-images.com/vY75u5jqt_YpDVdc86tqYg__original/img/DDEXIXIu-gxvSIt3Cfmmyc9FvWQ=/0x0/pic4417656.jpg,Organ ATTACK!,2016,201406,Nick Seluk,1,0,0,2,6,15,15,8,0,0
4b74cb29-d6d7-4612-9c2e-ee5bf717fa4f,38,Pandemic (English edition 2013),2021-02-05 16:03:47,true,true,true,false,https://cf.geekdo-images.com/thumb/img/HEKrtpTC1y1amXh5cKnVvowyE5Y=/fit-in/200x150/pic1534148.jpg,https://cf.geekdo-images.com/original/img/j-pfXZ_0GmOowohzD_T6NDAWGSA=/0x0/pic1534148.jpg,Pandemic,2008,30549,Matt Leacock,1,0,0,2,4,45,45,8,0,0
d102cbc3-53af-4bae-a250-7c8c2dffe72f,39,Pandemic: In the Lab,2020-07-27 11:48:46,true,true,true,false,https://cf.geekdo-images.com/thumb/img/FiMp4yZVQaQQ9jUyRgLynoFHEaY=/fit-in/200x150/pic1632485.jpg,https://cf.geekdo-images.com/original/img/zYXQYgCwmGKH2wesnLCvNDtadiQ=/0x0/pic1632485.jpg,Pandemic: In the Lab,2013,137136,"Matt Leacock, Thomas Lehmann",0,1,0,1,6,45,60,8,0,0
c375e4cb-501f-4851-9b2c-42567ae86691,40,Pandemic: On the Brink,2020-07-27 11:48:46,false,true,false,false,https://cf.geekdo-images.com/thumb/img/q1mktaBVsfY6wXhQ-bm3WtpaZpU=/fit-in/200x150/pic1546621.jpg,https://cf.geekdo-images.com/original/img/pF0Z_zMZYhp2sTxMiLa1Wu_Bg0Y=/0x0/pic1546621.jpg,Pandemic: On the Brink,2009,40849,"Matt Leacock, Thomas Lehmann",0,1,0,2,5,45,45,8,0,0
40162811-873f-487b-9018-b7b73362fc7f,127,PARKS,2021-12-24 21:02:33,false,true,false,false,https://cf.geekdo-images.com/mF2cSNRk2O6HtE45Sl9TcA__thumb/img/K2AgL-KE_CTcvwahWd7zlt9YR0U=/fit-in/200x150/filters:strip_icc()/pic4852372.jpg,https://cf.geekdo-images.com/mF2cSNRk2O6HtE45Sl9TcA__original/img/_KNgPoC_4l7iN0ntbFILexOJpfc=/0x0/filters:format(jpeg)/pic4852372.jpg,PARKS,2019,266524,Henry Audubon,1,0,0,1,5,30,60,10,0,0
6fc5309e-c0eb-4ab8-a4c7-f1f393ba7702,102,Pentago Triple,2020-12-11 21:03:36,false,false,true,false,https://cf.geekdo-images.com/87VNVs8ErZ18r-w1FJNebw__thumb/img/9Lztlrv9AvBMqmy3C5VDw7CKQhc=/fit-in/200x150/filters:strip_icc()/pic3170384.jpg,https://cf.geekdo-images.com/87VNVs8ErZ18r-w1FJNebw__original/img/S0x5OblA_owL9G2S1S-Di5LP62A=/0x0/pic3170384.jpg,Pentago Triple,2016,206849,"Rebecca Bleau, Nicholas Cravotta, Tomas Flodén",1,0,0,2,4,15,15,8,0,0
c9907fa4-1529-449a-9964-2f87ee5130ca,65,Pictionary,2020-07-27 11:49:12,false,true,false,false,https://cf.geekdo-images.com/thumb/img/uBCd5pWNDP3YKzAnKfDAi4v0zv0=/fit-in/200x150/pic5147022.png,https://cf.geekdo-images.com/original/img/9kVc29rkLxoWUyyFlNG61Z3XUeg=/0x0/pic5147022.png,Pictionary,1985,2281,Rob Angel,1,0,0,3,16,90,90,12,0,0
8f5e4069-3104-4d80-943e-748f157d84a1,41,POOP: The Game,2021-10-03 14:00:35,false,true,false,false,https://cf.geekdo-images.com/thumb/img/KvOoVaxofjodL5DDhDPtS1VgZ-M=/fit-in/200x150/pic4162618.jpg,https://cf.geekdo-images.com/original/img/uboSJVWoiDRRX9MowiGBiV7VHR0=/0x0/pic4162618.jpg,POOP: The Game,2014,155081,Blaise Sewell,1,1,0,2,5,15,15,5,0,0
d0bc0272-a13f-41d6-a605-33a067b5c5d0,163,Power Hungry Pets,2025-01-10 17:00:05,false,true,false,false,https://cf.geekdo-images.com/L3Ag19WXRFKjKmRSCMI9UQ__thumb/img/YR9S9czDxK8EBrSj4yFf4slvMW0=/fit-in/200x150/filters:strip_icc()/pic7959893.png,https://cf.geekdo-images.com/L3Ag19WXRFKjKmRSCMI9UQ__original/img/kwbHLZQFzMcHuzZ-dsCYuDwxXdo=/0x0/filters:format(png)/pic7959893.png,Power Hungry Pets,2024,411404,Seiji Kanai,1,0,70,2,6,15,15,7,0,0
0df41d82-813d-4798-8ee2-685e94957af3,42,Prime Climb,2020-07-27 11:48:46,false,true,false,false,https://cf.geekdo-images.com/thumb/img/msySVh_bUV7tqmCNYFq_sk1-A40=/fit-in/200x150/pic2326262.png,https://cf.geekdo-images.com/original/img/kkwS5taEoMmp7obiyGPhuFmSOLw=/0x0/pic2326262.png,Prime Climb,2014,159375,"Katherine Cook (I), Dan Finkel",1,0,0,2,4,45,45,10,0,0
59c2452e-d0d9-4f71-aebd-3e68c9356555,43,Project Dreamscape,2021-10-03 14:00:31,false,true,false,false,https://cf.geekdo-images.com/thumb/img/eg__axIreoqs2GbNrzQYySLUrPg=/fit-in/200x150/pic2387886.png,https://cf.geekdo-images.com/original/img/lNcyjXTQDomQIyPcqyqtG3f10XI=/0x0/pic2387886.png,Project Dreamscape,2015,168232,"Sarah Reed, Will Reed",1,0,0,1,4,30,30,10,0,0
564f9022-b3c5-4c2c-baec-941a7447b36b,44,Province,2021-10-03 14:00:28,false,true,false,false,https://cf.geekdo-images.com/thumb/img/ujmEUoK9ed5CVRfuNWISMJsqxFs=/fit-in/200x150/pic1920775.png,https://cf.geekdo-images.com/original/img/oUL5sj6bG6fLiZN9DO8R8hUEhDw=/0x0/pic1920775.png,Province,2014,154259,Samuel Strick,1,0,0,2,2,25,25,13,0,0
85735c3a-fc6e-43b3-8bdf-31c6f2d5e8a3,45,Puerto Rico,2020-07-27 11:48:46,false,true,false,false,https://cf.geekdo-images.com/thumb/img/pYFq1WbW-LIQCvWCFxjQuDC-nho=/fit-in/200x150/pic158548.jpg,https://cf.geekdo-images.com/original/img/RvdWBkmDks7AN8sodR4PyVcponA=/0x0/pic158548.jpg,Puerto Rico,2002,3076,Andreas Seyfarth,1,0,0,3,5,90,150,12,0,0
86f2a809-9443-43d2-8902-f095608679d1,152,Ra,2023-05-05 18:20:25,false,true,false,false,https://cf.geekdo-images.com/k7lG683LBZdvFyS-FH-MpA__thumb/img/6KTtiknxxGwd0ARKrlsdoXFtHfI=/fit-in/200x150/filters:strip_icc()/pic6746812.png,https://cf.geekdo-images.com/k7lG683LBZdvFyS-FH-MpA__original/img/hEqkeRnhyNLxeryIIdOnAHdItfo=/0x0/filters:format(png)/pic6746812.png,Ra,1999,12,Reiner Knizia,1,0,0,2,5,45,60,12,0,0
00acdbdc-644a-4760-8cbb-8a252c44d0f7,79,Red Flags,2020-07-27 11:49:12,false,true,false,false,https://cf.geekdo-images.com/thumb/img/iz-pVy__jfOk-4HJLwFW6Gjx2f0=/fit-in/200x150/pic2801220.jpg,https://cf.geekdo-images.com/original/img/UXLXk1Y3X8doKlBU5AEmBgMQmyE=/0x0/pic2801220.jpg,Red Flags,2015,189062,Jack Dire,1,0,0,3,10,30,30,17,0,0
e5c19cf2-dcab-4a70-8708-555bf50f8ac9,153,Sagrada,2023-05-21 21:18:44,false,true,false,false,https://cf.geekdo-images.com/PZt3EAAGV3dFIVuwMR0AEw__thumb/img/1m4aryOW1MOpq-8jGkF6gDTJmCY=/fit-in/200x150/filters:strip_icc()/pic3525224.jpg,https://cf.geekdo-images.com/PZt3EAAGV3dFIVuwMR0AEw__original/img/5ug9EeKlH_ucJEUXaFpTZbBJ1GY=/0x0/filters:format(jpeg)/pic3525224.jpg,Sagrada,2017,199561,"Adrian Adamescu, Daryl Andrews",1,0,0,1,4,30,45,14,0,0
de73cd34-4c56-412f-bb2d-dfc12bab5dc8,60,Scotland Yard,2020-07-27 11:49:12,false,true,false,false,https://cf.geekdo-images.com/thumb/img/mDCa7iEL5riLrRGdYfKWlhponZA=/fit-in/200x150/pic4527702.jpg,https://cf.geekdo-images.com/original/img/lTZgHF6-R9Xfht7HDmmljkJwecY=/0x0/pic4527702.jpg,Scotland Yard,1983,438,"Manfred Burggraf, Dorothy Garrels, Wolf Hoermann, Fritz Ifland, Werner Scheerer, Werner Schlegel",1,0,0,3,6,45,45,10,0,0
1fd5d93f-a588-494f-bf72-802de77738e4,46,Scrabble,2021-10-03 14:00:34,false,true,false,false,https://cf.geekdo-images.com/thumb/img/ND1lWJtIymBjl3YzfSV3q3MB1Xk=/fit-in/200x150/pic404651.jpg,https://cf.geekdo-images.com/original/img/lVqLm3lRviB_an3_gAqhvSJ6riA=/0x0/pic404651.jpg,Scrabble,1948,320,Alfred Mosher Butts,1,1,0,2,4,90,90,10,0,0
086be2ce-2b86-4b90-8998-a254a1fcd08c,126,Scythe,2021-10-12 19:49:31,false,true,false,false,https://cf.geekdo-images.com/7k_nOxpO9OGIjhLq2BUZdA__thumb/img/eQ69OEDdjYjfKg6q5Navee87skU=/fit-in/200x150/filters:strip_icc()/pic3163924.jpg,https://cf.geekdo-images.com/7k_nOxpO9OGIjhLq2BUZdA__original/img/HlDb9F365w0tSP8uD1vf1pfniQE=/0x0/filters:format(jpeg)/pic3163924.jpg,Scythe,2016,169786,Jamey Stegmaier,1,0,0,1,5,90,115,14,0,0
cf00ea1a-f81c-421f-9ebe-0fbf602713e8,66,Secret Hitler,2020-07-27 11:49:12,false,false,true,true,https://cf.geekdo-images.com/thumb/img/cF_reCqD9G0zOv9rUwhkNRc7GAQ=/fit-in/200x150/pic5164305.jpg,https://cf.geekdo-images.com/original/img/XB4NTIrGp1HTtP_vxW7gNvwXqWk=/0x0/pic5164305.jpg,Secret Hitler,2016,188834,"Mike Boxleiter, Tommy Maranges, Max Temkin",1,0,0,5,10,45,45,13,0,0
f5f91733-4e0a-4043-a834-2dc7655494a1,47,Sheriff of Nottingham,2021-10-03 14:00:28,false,true,false,false,https://cf.geekdo-images.com/thumb/img/18ToCY0hvajoDtgqXaB6T7inL8Y=/fit-in/200x150/pic2075830.jpg,https://cf.geekdo-images.com/original/img/LhRnbdwJ77VnRI_yQg2ZFiwEq1E=/0x0/pic2075830.jpg,Sheriff of Nottingham,2014,157969,"Sérgio Halaban, André Zatz",1,0,0,3,5,60,60,14,0,0
182d139e-7374-4bbc-9395-7eec097add96,69,Sherlock Holmes Consulting Detective: The Thames Murders & Other Cases,2023-07-09 20:48:36,true,true,true,false,https://cf.geekdo-images.com/thumb/img/wbBjlSJodaCuoGAiQAsmnkDEuQA=/fit-in/200x150/pic3514298.jpg,https://cf.geekdo-images.com/original/img/e0abWKqZdzwxb0Keyxjf-Y5sZsw=/0x0/pic3514298.jpg,Sherlock Holmes Consulting Detective: The Thames Murders & Other Cases,1982,2511,"Raymond Edwards, Suzanne Goldberg, Gary Grady",1,1,0,1,8,60,120,13,0,0
dc2e195b-5e73-4697-b1f0-f5d165aa91fa,138,Sleeping Gods,2022-11-11 10:31:06,true,false,true,false,https://cf.geekdo-images.com/Zdt8l4oTBpFICsMyNof7Jg__thumb/img/71w4Tt3xOnuDEDTCG8ni63QUhVE=/fit-in/200x150/filters:strip_icc()/pic5975244.png,https://cf.geekdo-images.com/Zdt8l4oTBpFICsMyNof7Jg__original/img/-okZ810RkA8fKKhIeZyX4cnqmbE=/0x0/filters:format(png)/pic5975244.png,Sleeping Gods,2021,255984,Ryan Laukat,1,0,0,1,4,60,1200,13,0,0
0a8cf190-0a44-4bce-bcae-8c3209415236,123,Smash Up,2021-07-10 20:17:06,false,true,false,false,https://cf.geekdo-images.com/c1DOHkXD35OcqfPoxoSXlA__thumb/img/kdzBzdj4prsoztFNEFZ6eWv1RVI=/fit-in/200x150/filters:strip_icc()/pic1269874.jpg,https://cf.geekdo-images.com/c1DOHkXD35OcqfPoxoSXlA__original/img/QhTMABCVrt58dLsps9sAWEu8CpI=/0x0/filters:format(jpeg)/pic1269874.jpg,Smash Up,2012,122522,Paul Peterson,1,1,0,2,4,45,45,12,0,0
d014e7f2-73f9-4282-8f69-9fe6f1ac5a5d,101,"Smirkle: the saracastic ""sorry about that"" dice game",2021-10-03 14:00:31,false,true,false,false,https://cf.geekdo-images.com/swJODCYhjLL1jpKzqoEkQw__thumb/img/JECJmn1VF4r4OTjfbMU_fMo0Xf0=/fit-in/200x150/filters:strip_icc()/pic5621793.jpg,https://cf.geekdo-images.com/swJODCYhjLL1jpKzqoEkQw__original/img/ZM8UwwvBUY-dYcwJuNq52lJnLZE=/0x0/pic5621793.jpg,"Smirkle: the saracastic ""sorry about that"" dice game",2020,317728,"",1,0,0,2,0,20,60,10,0,0
55B444B9-7A7B-42B9-A353-0909371EA1D7,109,Snake Oil,2023-01-02 20:11:41,false,true,false,false,https://cf.geekdo-images.com/thumb/img/pfw5d8ptgmeQa_L4WMOTqgJjNO0=/fit-in/200x150/filters:strip_icc()/pic5075755.jpg,https://cf.geekdo-images.com/original/img/8msHtB4U-mGAnHau7SBPl-KTREo=/0x0/pic5075755.jpg,Snake Oil,2010,113289,Jeff Ochs,1,1,0,3,10,20,30,10,0,0
cf1a07d7-a67f-4658-bb6e-8a9b1a740398,77,Spaceteam,2020-07-27 11:49:12,true,true,true,false,https://cf.geekdo-images.com/thumb/img/QNMhuKIdYjRSi_Aibr8tpGWjqWA=/fit-in/200x150/pic2722498.png,https://cf.geekdo-images.com/original/img/Hv567JuhL7eHPCO7qeGcrld1giQ=/0x0/pic2722498.png,Spaceteam,2015,184491,"Tim Hutchings, Mathew Sisson",1,0,0,3,6,5,5,10,0,0
2C088217-C7E3-47CD-BED8-15077C39AF0F,106,Splendor,2020-12-13 09:56:56,false,true,false,false,https://cf.geekdo-images.com/thumb/img/D4hkkHfOgu22PwgJomjplWAveuo=/fit-in/200x150/filters:strip_icc()/pic1904079.jpg,https://cf.geekdo-images.com/original/img/PgaVULm0QKeFV2zTro4hJEb70Yk=/0x0/pic1904079.jpg,Splendor,2014,148228,Marc André,1,0,0,2,4,30,30,10,0,0
63038273-AAC5-4DD5-B5F2-F41652C79C11,105,Splendor: Cities of Splendor,2023-01-02 20:11:33,false,true,false,false,https://cf.geekdo-images.com/thumb/img/06WBYtB-cNLjKyKvJPz0Wse3TzY=/fit-in/200x150/filters:strip_icc()/pic3711701.jpg,https://cf.geekdo-images.com/original/img/a9IWS3PsHFyKWOg2TZbUWyprvxg=/0x0/pic3711701.jpg,Splendor: Cities of Splendor,2017,220653,Marc André,0,1,0,2,4,30,30,10,0,0
c987b64f-939f-43f4-a6d2-ef716eb6a7dc,142,Star Realms: Frontiers,2023-08-18 08:27:36,false,true,false,false,https://cf.geekdo-images.com/-CogwvQ7V19RQH0tE6msFw__thumb/img/mcqeVvpTU9wcnJXkJcVceZv4Z8s=/fit-in/200x150/filters:strip_icc()/pic4171533.png,https://cf.geekdo-images.com/-CogwvQ7V19RQH0tE6msFw__original/img/mRZ48c_emFwHzpeFIW9PBi8huQc=/0x0/filters:format(png)/pic4171533.png,Star Realms: Frontiers,2018,230253,"Robert Dougherty, Darwin Kastle",1,1,0,1,4,20,45,12,0,0
61250d64-0fba-4cdc-9a10-df6835b14819,48,Star Wars: Imperial Assault (English edition),2023-05-13 22:22:10,true,false,true,false,https://cf.geekdo-images.com/thumb/img/B7vdjMVow6IMf_Mo41qDJ-huZP4=/fit-in/200x150/pic2247647.jpg,https://cf.geekdo-images.com/original/img/wWTlEaPbVoUybefxFpFVTv1OU74=/0x0/pic2247647.jpg,Star Wars: Imperial Assault,2014,164153,"Justin Kemppainen, Corey Konieczka, Jonathan Ying",1,0,0,1,5,60,120,14,0,0
fbdc2a21-72d4-4c1a-a7e9-42c01fe6d4b2,49,Super Showdown,2021-10-03 14:00:26,false,true,false,false,https://cf.geekdo-images.com/thumb/img/UEWSXesKgqdOi2DfhMPLoUY-Un0=/fit-in/200x150/pic1319728.jpg,https://cf.geekdo-images.com/original/img/eiN31MsZbXpkvb1BboLQVNb__YA=/0x0/pic1319728.jpg,Super Showdown,2012,108554,Trevor Cram,1,0,0,2,2,10,10,12,0,0
5a89dcec-90b9-4272-bb7b-c6618817b6da,72,Sushi Go!,2021-10-03 14:00:39,false,true,false,false,https://cf.geekdo-images.com/thumb/img/0y6Je0vh3QP_BhYHNxn6w8TafHk=/fit-in/200x150/pic1900075.jpg,https://cf.geekdo-images.com/original/img/IlYW00i351ucPwf_aHiE0v-HNdM=/0x0/pic1900075.jpg,Sushi Go!,2013,133473,Phil Walker-Harding,1,0,0,2,5,15,15,8,0,0
81c7a8c6-7acd-4bd9-bfa4-27e273c22130,98,Terra Mystica,2020-08-07 10:05:39,false,true,false,false,https://cf.geekdo-images.com/thumb/img/P-H2xOKpbkVCoDTGOZL_B8jLdgc=/fit-in/200x150/pic1356616.jpg,https://cf.geekdo-images.com/original/img/CynjY3GgwPTg34abNIv8eLX1pXs=/0x0/pic1356616.jpg,Terra Mystica,2012,120677,"Jens Drögemüller, Helge Ostertag",1,0,0,2,5,60,150,12,0,0
4a484d0c-ac96-4a3c-a377-943ca8ab947d,141,Terraforming Mars,2022-07-26 20:37:56,false,true,false,false,https://cf.geekdo-images.com/wg9oOLcsKvDesSUdZQ4rxw__thumb/img/BTxqxgYay5tHJfVoJ2NF5g43_gA=/fit-in/200x150/filters:strip_icc()/pic3536616.jpg,https://cf.geekdo-images.com/wg9oOLcsKvDesSUdZQ4rxw__original/img/thIqWDnH9utKuoKVEUqveDixprI=/0x0/filters:format(jpeg)/pic3536616.jpg,Terraforming Mars,2016,167791,Jacob Fryxelius,1,0,0,1,5,120,120,12,0,0
dd4941c4-96f3-4ac8-a3e5-82f421e9ff00,61,The Game of Life,2020-07-27 11:49:12,false,true,false,false,https://cf.geekdo-images.com/thumb/img/KYcbJ_MwMu8CSB0X0OTsLIVwYyo=/fit-in/200x150/pic288405.jpg,https://cf.geekdo-images.com/original/img/pf_B8zrtboWZtYSp2kBtVNk8WQE=/0x0/pic288405.jpg,The Game of Life,1960,2921,"Reuben Klamer, Bill Markham",1,0,0,2,6,60,60,8,0,0
81ba219c-7ce1-4a22-a505-c23175210cb7,137,The Game of Things,2022-06-18 14:22:10,false,true,false,false,https://cf.geekdo-images.com/WklLDiwpy2xTgRBwLym92Q__thumb/img/d4Fe0hP84mCj9UGVXvoDX8_DxN4=/fit-in/200x150/filters:strip_icc()/pic6813229.jpg,https://cf.geekdo-images.com/WklLDiwpy2xTgRBwLym92Q__original/img/L8FYSJbWLvgTp8aXCRJLWQxZONo=/0x0/filters:format(jpeg)/pic6813229.jpg,The Game of Things,2002,10934,"Tom Quinn, Ted Quinn, Mark Sherry",1,1,0,4,15,45,45,14,0,0
12d984cc-44e0-4965-84f8-2a8ee8f71534,139,The Quacks of Quedlinburg,2022-07-03 14:54:40,false,true,false,false,https://cf.geekdo-images.com/pH5LgRL4mNRon-2NsSDb1Q__thumb/img/E_XspsgbgrVOwOeCuZMO1S8W2rk=/fit-in/200x150/filters:strip_icc()/pic6137509.png,https://cf.geekdo-images.com/pH5LgRL4mNRon-2NsSDb1Q__original/img/8PEJOyuKGbTaEGbUbCoLQy_i65Y=/0x0/filters:format(png)/pic6137509.png,The Quacks of Quedlinburg,2018,244521,Wolfgang Warsch,1,0,0,2,4,45,45,10,0,0
c2e66b84-38a7-4be2-94d6-84acb16b08b6,83,The Resistance,2020-07-27 12:11:14,false,false,true,true,https://cf.geekdo-images.com/thumb/img/TiLJY5V47pk3vvidXcfMoeUcRd8=/fit-in/200x150/pic2576459.jpg,https://cf.geekdo-images.com/original/img/VDXFwn8wDc4yObdS5kUABZK6nhI=/0x0/pic2576459.jpg,The Resistance,2009,41114,Don Eskridge,1,0,0,5,10,30,30,13,0,0
6f360f01-0a64-4245-80fd-e0d93522f44b,133,The Search for Planet X,2022-02-26 21:29:20,false,true,false,false,https://cf.geekdo-images.com/NItjtztEUAKOpaTWZddu9A__thumb/img/x8YD4cAVOAbSDsZbmKgU0-WQ9wI=/fit-in/200x150/filters:strip_icc()/pic5744928.jpg,https://cf.geekdo-images.com/NItjtztEUAKOpaTWZddu9A__original/img/fr-JmerGdiEj6r9UM7F6laogGF0=/0x0/filters:format(jpeg)/pic5744928.jpg,The Search for Planet X,2020,279537,"Matthew O'Malley, Ben Rosset",1,0,0,1,4,60,60,13,0,0
d74687ee-40ce-447c-a383-ccef90b72553,50,Ticket to Ride,2020-07-27 11:48:47,false,true,false,false,https://cf.geekdo-images.com/thumb/img/WRanmC5bMp81aFJHqzOi7Kcj-5g=/fit-in/200x150/pic38668.jpg,https://cf.geekdo-images.com/original/img/bOcAJxw-W-B2Gz0x67z8bjqzJgY=/0x0/pic38668.jpg,Ticket to Ride,2004,9209,Alan R. Moon,1,0,0,2,5,30,60,8,0,0
37c1b65d-caf2-4ba0-b0e3-998bc2853f64,51,Ticket to Ride Map Collection: Volume 2 – India & Switzerland,2020-07-27 11:48:46,false,true,false,false,https://cf.geekdo-images.com/thumb/img/UbPCh54t6MpfvhkSXBnAJ-WTGgo=/fit-in/200x150/pic1077595.jpg,https://cf.geekdo-images.com/original/img/8s0j8M-_ItLfr3Bum1QVKHLDb4g=/0x0/pic1077595.jpg,Ticket to Ride Map Collection: Volume 2 – India & Switzerland,2011,106645,"Alan R. Moon, Ian Vincent",0,1,0,2,4,30,60,8,0,0
f290ff5e-14bc-47ac-acc0-167d807d5ee9,52,Ticket to Ride: Europe,2020-07-27 11:48:46,false,true,false,false,https://cf.geekdo-images.com/thumb/img/eXshcW5A7ryFnyb3VwlSc8IxIgc=/fit-in/200x150/pic66668.jpg,https://cf.geekdo-images.com/original/img/lN5ivSfgaJwEMXgyLijCtyKVUBs=/0x0/pic66668.jpg,Ticket to Ride: Europe,2005,14996,Alan R. Moon,1,0,0,2,5,30,60,8,0,0
f1a8a745-0e93-4948-a416-5013217bd0b3,94,Ticket to Ride: USA 1910,2020-07-27 11:48:47,false,true,false,false,https://cf.geekdo-images.com/thumb/img/e26tRY6C-oqDANPBOweAAXpbUzc=/fit-in/200x150/pic144599.jpg,https://cf.geekdo-images.com/original/img/-KdlixTSQ3z_yPGkZtReI8jAArI=/0x0/pic144599.jpg,Ticket to Ride: USA 1910,2006,24439,Alan R. Moon,0,1,0,2,5,30,60,8,0,0
26d64e17-b813-42ed-b233-e17261a2e547,131,Tiny Epic Dungeons,2024-06-15 17:38:48,true,false,true,false,https://cf.geekdo-images.com/rDOnDFAwGXi_fVsfp-ZCqw__thumb/img/azj8SnpTtQHp1C7W1QoO8y9yyys=/fit-in/200x150/filters:strip_icc()/pic6029065.jpg,https://cf.geekdo-images.com/rDOnDFAwGXi_fVsfp-ZCqw__original/img/lwHbQBPyDT4g7pakY-Oix1c-A5I=/0x0/filters:format(jpeg)/pic6029065.jpg,Tiny Epic Dungeons,2021,331787,Scott Almes,1,0,0,1,4,30,60,14,0,0
4ae5f77f-ee6e-46a9-acfd-005cc8f91bc7,132,Tiny Epic Dungeons: Potions & Perils Mini Expansion,2022-02-13 09:33:50,false,true,false,false,https://cf.geekdo-images.com/978WDRh4lmx3yjk_f1rRyQ__thumb/img/SBx--ChvcAOhJqWhF7ANFmbC0Tw=/fit-in/200x150/filters:strip_icc()/pic6681804.jpg,https://cf.geekdo-images.com/978WDRh4lmx3yjk_f1rRyQ__original/img/eUYEujeSXlADBTUrdK60L9_Ki14=/0x0/filters:format(jpeg)/pic6681804.jpg,Tiny Epic Dungeons: Potions & Perils Mini Expansion,2021,356827,Scott Almes,0,1,0,1,4,30,60,14,0,0
8299b6aa-0c0a-439a-87a4-4259a592ac14,134,Tiny Epic Dungeons: Stories,2022-04-09 14:12:41,false,true,false,false,https://cf.geekdo-images.com/Rsc9qhaotVfQ3Wx28BNzBA__thumb/img/uiTqZ8ZPJIJTw0Xrc9sW98EoWws=/fit-in/200x150/filters:strip_icc()/pic6158691.png,https://cf.geekdo-images.com/Rsc9qhaotVfQ3Wx28BNzBA__original/img/GL1BvAiRp9tOYMGD74qLkhWldCo=/0x0/filters:format(png)/pic6158691.png,Tiny Epic Dungeons: Stories,2021,334888,Scott Almes,0,1,0,1,4,30,60,14,0,0
c4981f4f-560b-4af5-8dc5-89e1f8abc17c,125,Tiny Towns,2021-09-10 22:19:04,false,true,false,false,https://cf.geekdo-images.com/aE1EoOzr530gQin8bj8QDA__thumb/img/AI-Ro3wLJtpyZLmCMNywOlpz0S8=/fit-in/200x150/filters:strip_icc()/pic4460401.jpg,https://cf.geekdo-images.com/aE1EoOzr530gQin8bj8QDA__original/img/-GDAsvmQ3wkuHaZ8h9G5Gk_nvVA=/0x0/filters:format(jpeg)/pic4460401.jpg,Tiny Towns,2019,265736,Peter McPherson,1,0,0,1,6,45,60,14,0,0
a649bf02-116c-4597-a063-fb537811e04c,54,Tokaido,2021-10-03 14:00:28,false,true,false,false,https://cf.geekdo-images.com/thumb/img/fhAMbCTDE7LFTOWoLsSnIfgaIEw=/fit-in/200x150/pic3747956.png,https://cf.geekdo-images.com/original/img/F5OFQxeuYjEtPUnczM6tlXFAm2Y=/0x0/pic3747956.png,Tokaido,2012,123540,Antoine Bauza,1,0,0,2,5,45,45,8,0,0
322f2987-3e3e-4d89-886f-63851dd3f2b8,55,Tower (English second edition),2021-10-03 14:00:29,false,true,false,false,https://cf.geekdo-images.com/thumb/img/PIWl3CawNL8Rx30sjmitWbRL2ek=/fit-in/200x150/pic1925420.png,https://cf.geekdo-images.com/original/img/VO0AqUdI1JwKve1ZVpacZ-9xAEk=/0x0/pic1925420.png,Tower,2013,134559,Ben Haskett,1,0,0,1,4,60,60,12,0,0
df4ccbf6-2163-4905-adab-ac99cb034690,59,Trains,2020-07-27 11:49:12,false,true,false,false,https://cf.geekdo-images.com/thumb/img/r8iyji1q5aNH6kuFCOMHco8dQ9U=/fit-in/200x150/pic1606346.jpg,https://cf.geekdo-images.com/original/img/Xwi7sv6uH0z7lmuaUusg9BrfYms=/0x0/pic1606346.jpg,Trains,2012,121408,Hisashi Hayashi,1,1,0,2,4,45,45,12,0,0
2e2fc819-c590-4f07-939f-1336b423662e,56,Tsuro,2021-10-03 14:00:38,false,true,true,false,https://cf.geekdo-images.com/thumb/img/Dawqh509ZzihC7IxqfMM5w_s1Gs=/fit-in/200x150/pic875761.jpg,https://cf.geekdo-images.com/original/img/RnYj0vhdTav6LaS53HR3yKPo4ag=/0x0/pic875761.jpg,Tsuro,2004,16992,Tom McMurchie,1,0,0,2,8,15,20,8,0,0
4acdda57-95a0-40b6-bd24-8f68b4513029,68,UNO,2020-07-27 11:49:12,false,true,false,false,https://cf.geekdo-images.com/thumb/img/Vqkf_w4oaY__07ZiwrpofsIxHNQ=/fit-in/200x150/pic981505.jpg,https://cf.geekdo-images.com/original/img/z3OFp3362X0ZPf5CIc5vfxzwDsg=/0x0/pic981505.jpg,UNO,1971,2223,Merle Robbins,1,0,0,2,10,30,30,6,0,0
49a105e1-8b86-43b9-9c4a-c30226ae4dfc,73,Unstable Unicorns,2020-07-27 11:49:12,false,true,false,false,https://cf.geekdo-images.com/thumb/img/CbklqGrqng5WX5hPPP3bHTWAxrw=/fit-in/200x150/pic3912914.jpg,https://cf.geekdo-images.com/original/img/JXjU3CrzgTFZdiY6fP4zO1YPha0=/0x0/pic3912914.jpg,Unstable Unicorns,2017,234190,Ramy Badie,1,1,0,2,8,30,45,14,0,0
84c7aa8d-888b-4eef-a929-c39a92bc599c,57,Village in a Box,2021-10-03 14:00:31,false,true,false,false,https://cf.geekdo-images.com/thumb/img/oJ4FIxU0IiWGeywO2bW6VxsptQ0=/fit-in/200x150/pic1895188.png,https://cf.geekdo-images.com/original/img/yG5GGRhTvTqflvpl62K5MCnZxdY=/0x0/pic1895188.png,Village in a Box,2013,151972,Peter Jackson,1,0,0,2,4,15,15,12,0,0
a60c87e1-ef7c-4aa0-84a9-9ad041cb27c4,58,Villages,2021-10-03 14:00:43,false,true,false,false,https://cf.geekdo-images.com/thumb/img/N5UlJ9Dicn1XFTU7WqcSrF8L9oo=/fit-in/200x150/pic1676779.jpg,https://cf.geekdo-images.com/original/img/mgxHgPn29fVtMaonX6l2ySXQN4c=/0x0/pic1676779.jpg,Villages,2011,114684,Jaron Frost,1,0,0,2,6,30,30,8,0,0
40c69864-0788-4733-adbd-cf0c1f4da02f,151,Viticulture Essential Edition,2023-03-24 23:34:48,false,true,false,false,https://cf.geekdo-images.com/l_PRU2lVlX9seScRFcvFlA__thumb/img/pULDtVd75QZgGfvSMhr6Rs07vK8=/fit-in/200x150/filters:strip_icc()/pic6500949.jpg,https://cf.geekdo-images.com/l_PRU2lVlX9seScRFcvFlA__original/img/gDL7OZFlzoOFgU0VYlREs8P5hCQ=/0x0/filters:format(jpeg)/pic6500949.jpg,Viticulture Essential Edition,2015,183394,"Jamey Stegmaier, Alan Stone",1,0,0,1,6,45,90,13,0,0
98fff41b-4f23-4b04-9cca-24adf08f0884,143,We Rate Dogs: The Card Game,2022-09-04 21:39:04,false,true,false,false,https://cf.geekdo-images.com/WOvUZ5ctp_MpLnLLtSerHg__thumb/img/IIRfyezQds2RkSMMKQI4kTiI3Qk=/fit-in/200x150/filters:strip_icc()/pic4844762.jpg,https://cf.geekdo-images.com/WOvUZ5ctp_MpLnLLtSerHg__original/img/W3WRTCGCx1t_WM5DoKlZw1Ys_-I=/0x0/filters:format(jpeg)/pic4844762.jpg,We Rate Dogs: The Card Game,2019,266778,"Steve Tasker, Ben Walker, Darren Watts",1,0,0,3,6,30,60,8,0,0
7d8fb3db-60a3-4fcd-ab13-38e3b8f828dc,124,Wingspan,2021-10-03 14:00:36,false,true,false,false,https://cf.geekdo-images.com/yLZJCVLlIx4c7eJEWUNJ7w__thumb/img/VNToqgS2-pOGU6MuvIkMPKn_y-s=/fit-in/200x150/filters:strip_icc()/pic4458123.jpg,https://cf.geekdo-images.com/yLZJCVLlIx4c7eJEWUNJ7w__original/img/cI782Zis9cT66j2MjSHKJGnFPNw=/0x0/filters:format(jpeg)/pic4458123.jpg,Wingspan,2019,266192,Elizabeth Hargrave,1,0,0,1,5,40,70,10,0,0
46913697-1172-4123-873b-f5c0fc161084,145,Zombicide: Green Horde,2022-10-30 22:24:10,false,true,false,false,https://cf.geekdo-images.com/rtJTab2_kHN2k4_nUddRTQ__thumb/img/H17dequj7LYB-NKcZo352sAxQ3k=/fit-in/200x150/filters:strip_icc()/pic3564805.jpg,https://cf.geekdo-images.com/rtJTab2_kHN2k4_nUddRTQ__original/img/Xs4zH6y3WpZ8XFq-X4T1p5XWncY=/0x0/filters:format(jpeg)/pic3564805.jpg,Zombicide: Green Horde,2018,224710,"Raphaël Guiton, Jean-Baptiste Lullien, Nicolas Raoult",1,1,0,1,6,60,60,14,0,0
ff134bf9-29ad-4abe-9cd1-1aa9767b184d,155,Zombie Dice,2023-06-25 14:54:13,false,true,false,false,https://cf.geekdo-images.com/iPy584JMAJYrupqRdQp8gA__thumb/img/0qjQ2T0wXNZDVvMie54bEVmKeT8=/fit-in/200x150/filters:strip_icc()/pic4991962.jpg,https://cf.geekdo-images.com/iPy584JMAJYrupqRdQp8gA__original/img/zPbWjPYgLscrjd96Uitf3GTPb34=/0x0/filters:format(jpeg)/pic4991962.jpg,Zombie Dice,2010,62871,Steve Jackson (I),1,0,0,2,99,10,20,10,0,0
