gameUuid,uuid,modificationDate,metaData,bggCollId,statusOwned,statusWishlist,statusWantToPlay,statusWantInTrade,statusForTrade,statusPrevOwned,statusPreordered,statusWantToBuy,wishlistStatus,versionName,bggVersionId,gameName,year,urlImage,urlThumb,bggUserName
645461be-32f3-4632-ab3c-d44e5415790f,d12e3494-0776-41e4-947e-c162726c384f,2021-10-03 14:00:40,"{""VersionPublishers"":""Schmidt Spiele"",""VersionLanguages"":""Danish, Dutch, English, French, German, Hungarian, Italian, (neutral), Spanish"",""VersionEmptiedInApp"":0,""Rating"":""6"",""PricePaid"":"""",""PricePaidCurrency"":"""",""PublicComment"":"""",""PrivateComment"":"""",""WishlistComment"":"""",""CurrentPrice"":"""",""CurrentPriceCurrency"":"""",""Barcode"":"""",""AcquiredFrom"":"""",""AcquisitionDate"":"""",""InventoryDate"":"""",""InventoryLocation"":"""",""Quantity"":"""",""HaveParts"":"""",""WantParts"":"""",""TradeCondition"":""""}",73063304,true,false,false,false,false,false,false,false,3,German edition,34819,Europa Tour,2003,https://cf.geekdo-images.com/bbkWZsA5cjN7lP5SIfAeSA__thumb/img/tmgcGp7Bu2ClEcx9lNtDrMA3mpo=/fit-in/200x150/filters:strip_icc()/pic1249794.jpg,https://cf.geekdo-images.com/bbkWZsA5cjN7lP5SIfAeSA__thumb/img/tmgcGp7Bu2ClEcx9lNtDrMA3mpo=/fit-in/200x150/filters:strip_icc()/pic1249794.jpg,Deniedpluto
e68dbd4b-a48e-4613-a23d-eab9674c2b57,,,,,,,,,,,,,,,,,,,,
c44f4f36-caa8-4aec-880c-e5871978e01b,d06ba97e-ba60-4518-97d3-233d29eed2b0,2021-10-03 14:00:38,"{""Rating"":""10"",""AcquisitionDate"":""2014-07-06"",""VersionPublishers"":""Repos Production"",""VersionLanguages"":""English"",""VersionEmptiedInApp"":0,""PricePaid"":"""",""PricePaidCurrency"":"""",""PublicComment"":"""",""PrivateComment"":"""",""WishlistComment"":"""",""CurrentPrice"":"""",""CurrentPriceCurrency"":"""",""Barcode"":"""",""AcquiredFrom"":"""",""InventoryDate"":"""",""InventoryLocation"":"""",""Quantity"":"""",""HaveParts"":"""",""WantParts"":"""",""TradeCondition"":""""}",39563512,true,false,false,false,false,false,false,false,3,Repos English R16 edition 2014,478037,7 Wonders,2014,https://cf.geekdo-images.com/original/img/ksK5RgW6rUS2-ArOVE_exdhfO7s=/0x0/pic4615104.jpg,https://cf.geekdo-images.com/previewthumb/img/6WA4aZcWkCSxRY1lNp5WCeKU0Y0=/fit-in/300x320/pic4615104.jpg,Deniedpluto
4894a63f-19d4-4b85-814b-722983b46086,6919691d-d3be-43dd-ad8f-806c7055ca55,2023-01-02 20:15:23,"{""Rating"":""9"",""PricePaid"":"""",""PricePaidCurrency"":"""",""PublicComment"":"""",""PrivateComment"":"""",""WishlistComment"":"""",""CurrentPrice"":"""",""CurrentPriceCurrency"":"""",""Barcode"":"""",""AcquiredFrom"":"""",""AcquisitionDate"":"""",""InventoryDate"":"""",""InventoryLocation"":"""",""Quantity"":"""",""HaveParts"":"""",""WantParts"":"""",""TradeCondition"":""""}",39563520,false,false,false,false,false,false,false,false,0,,,,0,,,Deniedpluto
4894a63f-19d4-4b85-814b-722983b46086,cf7f32c0-38d8-42fd-8aef-eb279b61e19b,2023-01-02 20:15:23,"{""Rating"":""8"",""PricePaid"":"""",""PricePaidCurrency"":"""",""PublicComment"":"""",""PrivateComment"":"""",""WishlistComment"":"""",""CurrentPrice"":"""",""CurrentPriceCurrency"":"""",""Barcode"":"""",""AcquiredFrom"":"""",""AcquisitionDate"":"""",""InventoryDate"":"""",""InventoryLocation"":"""",""Quantity"":"""",""HaveParts"":"""",""WantParts"":"""",""TradeCondition"":""""}",77151467,false,false,false,false,false,false,false,false,3,,,,0,,,Deniedpluto
4894a63f-19d4-4b85-814b-722983b46086,078c85df-b9df-4165-bb8e-f20d35000f69,2020-12-13 09:57:09,"{""Rating"":""8"",""PricePaid"":"""",""PricePaidCurrency"":"""",""PublicComment"":"""",""PrivateComment"":"""",""WishlistComment"":"""",""CurrentPrice"":"""",""CurrentPriceCurrency"":"""",""Barcode"":"""",""AcquiredFrom"":"""",""AcquisitionDate"":"""",""InventoryDate"":"""",""InventoryLocation"":"""",""Quantity"":"""",""HaveParts"":"""",""WantParts"":"""",""TradeCondition"":""""}",77151550,true,false,false,false,false,false,false,false,3,,,,0,,,Deniedpluto
8A33ADF0-A5FB-4FCA-BAE7-E0AC4387E41E,008df7d4-1fed-4f34-807d-5f89070130bb,2023-01-02 20:15:23,,,true,false,false,false,false,false,false,false,0,,,,0,,,
9782f301-1c63-488f-bdb8-609a23ac2859,7e8c677b-8ec9-45f3-b5f7-bf941113126e,2021-12-25 19:40:40,"{""VersionPublishers"":""Repos Production"",""VersionLanguages"":""English"",""PricePaid"":""35"",""PricePaidCurrency"":""USD"",""AcquiredFrom"":""Board Game Paradise"",""AcquisitionDate"":""2021-11-26"",""PrivateComment"":"""",""FieldsAllowedToPost"":[""AcquiredFrom"",""copyVersionId"",""AcquisitionDate"",""PrivateComment"",""PricePaidCurrency"",""PricePaid""],""VersionEmptiedInApp"":0}",0,true,false,false,false,false,false,false,false,0,English edition,578453,7 Wonders: Architects,2021,https://cf.geekdo-images.com/T5nRnFlmfthJFY7fdHmF-g__original/img/HjJ3MmUFw4vlxgHTW1R_Mq0HPiY=/0x0/filters:format(png)/pic6467297.png,https://cf.geekdo-images.com/T5nRnFlmfthJFY7fdHmF-g__previewthumb/img/C-ghUaNBcrpOneNv1Iov7qBYJL0=/fit-in/300x320/filters:strip_icc()/pic6467297.png,
d3adeaa9-eb28-4467-9437-87ed12276fdd,,,,,,,,,,,,,,,,,,,,
a7dedb56-cd4c-4af6-85a5-4e0992e7ad1a,09a30fd2-a836-4cea-a3de-3e4d77c1677f,2021-02-05 16:01:17,"{""PricePaid"":"""",""PricePaidCurrency"":"""",""PublicComment"":"""",""PrivateComment"":"""",""WishlistComment"":"""",""CurrentPrice"":"""",""CurrentPriceCurrency"":"""",""Barcode"":"""",""AcquiredFrom"":"""",""AcquisitionDate"":"""",""InventoryDate"":"""",""InventoryLocation"":"""",""Quantity"":"""",""HaveParts"":"""",""WantParts"":"""",""Rating"":"""",""TradeCondition"":""""}",63790821,false,false,false,false,false,true,false,false,0,,,,0,,,Deniedpluto
046fd681-0466-4648-8203-3d6623d3dbe4,ff5c1e80-9562-40a9-ba8e-1021c2f9cb73,2021-10-03 14:00:27,"{""Rating"":""8"",""PricePaid"":"""",""PricePaidCurrency"":"""",""PublicComment"":"""",""PrivateComment"":"""",""WishlistComment"":"""",""CurrentPrice"":"""",""CurrentPriceCurrency"":"""",""Barcode"":"""",""AcquiredFrom"":"""",""AcquisitionDate"":"""",""InventoryDate"":"""",""InventoryLocation"":"""",""Quantity"":"""",""HaveParts"":"""",""WantParts"":"""",""TradeCondition"":""""}",73063936,true,false,false,false,false,false,false,false,3,,,Azul,0,https://cf.geekdo-images.com/tz19PfklMdAdjxV9WArraA__thumb/img/debo694HgBaIBeNGyxu1ELUbQGA=/fit-in/200x150/filters:strip_icc()/pic3718275.jpg,https://cf.geekdo-images.com/tz19PfklMdAdjxV9WArraA__thumb/img/debo694HgBaIBeNGyxu1ELUbQGA=/fit-in/200x150/filters:strip_icc()/pic3718275.jpg,Deniedpluto
205bbf34-d171-4562-b0c0-8d6e66626bf9,,,,,,,,,,,,,,,,,,,,
64c3934a-6ba6-4e51-8f6b-9226b12127a2,,,,,,,,,,,,,,,,,,,,
20d652cc-cf32-4561-a1e9-ee29f00fa8cd,26df8204-6bec-45f5-8ba2-d0f68b3bf200,2021-10-03 14:00:43,"{""Rating"":""6"",""PricePaid"":"""",""PricePaidCurrency"":"""",""PublicComment"":"""",""PrivateComment"":"""",""WishlistComment"":"""",""CurrentPrice"":"""",""CurrentPriceCurrency"":"""",""Barcode"":"""",""AcquiredFrom"":"""",""AcquisitionDate"":"""",""InventoryDate"":"""",""InventoryLocation"":"""",""Quantity"":"""",""HaveParts"":"""",""WantParts"":"""",""TradeCondition"":""""}",63790844,true,false,false,false,false,false,false,false,3,,,,0,https://cf.geekdo-images.com/BLTFau1Ue-gjX6geQdYrjQ__thumb/img/IijBpyOQC760F6XIw34WT0ePqe4=/fit-in/200x150/filters:strip_icc()/pic2909713.jpg,https://cf.geekdo-images.com/BLTFau1Ue-gjX6geQdYrjQ__thumb/img/IijBpyOQC760F6XIw34WT0ePqe4=/fit-in/200x150/filters:strip_icc()/pic2909713.jpg,Deniedpluto
b8794b1f-7802-47dc-9007-6984aff751b7,,,,,,,,,,,,,,,,,,,,
2c4e5b57-7d55-4358-93f9-4d874c7c5323,8729a915-3c42-460a-a7c3-bdce0506f895,2023-07-09 20:47:37,,0,true,false,false,false,false,false,false,false,0,,,Batman: Gotham City Chronicles,0,,,
18a3d456-6913-44df-8943-dfc81300f3e9,,,,,,,,,,,,,,,,,,,,
7fe43363-680e-4330-a4a1-ae1193d9f7e0,,,,,,,,,,,,,,,,,,,,
9c1bbaca-71d3-42ba-9030-8ab372d38f0f,dd5bd600-fa88-4640-9465-37a20dcbd41a,2021-10-03 14:00:33,"{""Rating"":""7"",""PricePaid"":"""",""PricePaidCurrency"":"""",""PublicComment"":"""",""PrivateComment"":"""",""WishlistComment"":"""",""CurrentPrice"":"""",""CurrentPriceCurrency"":"""",""Barcode"":"""",""AcquiredFrom"":"""",""AcquisitionDate"":"""",""InventoryDate"":"""",""InventoryLocation"":"""",""Quantity"":"""",""HaveParts"":"""",""WantParts"":"""",""TradeCondition"":""""}",73063974,true,false,false,false,false,false,false,false,3,,,Betrayal at House on the Hill,0,https://cf.geekdo-images.com/lqmt2Oti_qJS65XqHcB8AA__thumb/img/EDOmDbRhLy4za2PHkJ5IbhNxZmk=/fit-in/200x150/filters:strip_icc()/pic5146864.png,https://cf.geekdo-images.com/lqmt2Oti_qJS65XqHcB8AA__thumb/img/EDOmDbRhLy4za2PHkJ5IbhNxZmk=/fit-in/200x150/filters:strip_icc()/pic5146864.png,Deniedpluto
fef635ff-3315-48b9-9bb9-40b34d8a75ff,4e350217-48a7-4a67-adc7-f669ca4f38a2,2020-07-27 11:48:44,"{""Rating"":""8.5"",""PricePaid"":"""",""PricePaidCurrency"":"""",""PublicComment"":"""",""PrivateComment"":"""",""WishlistComment"":"""",""CurrentPrice"":"""",""CurrentPriceCurrency"":"""",""Barcode"":"""",""AcquiredFrom"":"""",""AcquisitionDate"":"""",""InventoryDate"":"""",""InventoryLocation"":"""",""Quantity"":"""",""HaveParts"":"""",""WantParts"":"""",""TradeCondition"":""""}",39563613,true,false,false,false,false,false,false,false,0,,,,0,,,Deniedpluto
2a4db29a-2141-451f-bcec-c821870a8437,27fc72d3-6d76-4293-8d0d-896ccfc51c97,2022-02-06 20:40:48,"{""FieldsAllowedToPost"":[],""VersionEmptiedInApp"":0}",0,true,false,false,false,false,false,false,false,0,,,Between Two Cities: Capitals,0,,,
4ee4999e-8dc2-4367-919b-58ab5da92e7a,4d8de831-4784-487b-b502-ddea6ac0ad64,2023-01-02 20:13:23,"{""VersionPublishers"":""Fire Squadron"",""VersionLanguages"":""English"",""PublicComment"":""Easy to play. It is pretty quick to learn but is far too light to warrant repeat plays. There needs to be more options or expansions to make it worthwhile."",""Rating"":""3"",""PricePaid"":"""",""PricePaidCurrency"":"""",""PrivateComment"":"""",""WishlistComment"":"""",""CurrentPrice"":"""",""CurrentPriceCurrency"":"""",""Barcode"":"""",""AcquiredFrom"":"""",""AcquisitionDate"":"""",""InventoryDate"":"""",""InventoryLocation"":"""",""Quantity"":"""",""HaveParts"":"""",""WantParts"":"""",""TradeCondition"":""""}",27267272,false,false,false,false,false,true,false,false,3,First edition,239937,Black Market Warehouse,2014,https://cf.geekdo-images.com/G04hfpoxltygMTAR-l4j-w__thumb/img/WrIBSEGdMjkoqb--nsOV_55HTOY=/fit-in/200x150/filters:strip_icc()/pic2016250.jpg,https://cf.geekdo-images.com/G04hfpoxltygMTAR-l4j-w__thumb/img/WrIBSEGdMjkoqb--nsOV_55HTOY=/fit-in/200x150/filters:strip_icc()/pic2016250.jpg,Deniedpluto
113ad66b-50c3-48af-9e78-3f52e7ea703f,3dd3620a-fab4-4ba3-b94a-370ea102a1dc,2020-07-27 11:48:41,"{""PricePaid"":"""",""PricePaidCurrency"":"""",""PublicComment"":"""",""PrivateComment"":"""",""WishlistComment"":"""",""CurrentPrice"":"""",""CurrentPriceCurrency"":"""",""Barcode"":"""",""AcquiredFrom"":"""",""AcquisitionDate"":"""",""InventoryDate"":"""",""InventoryLocation"":"""",""Quantity"":"""",""HaveParts"":"""",""WantParts"":"""",""Rating"":"""",""TradeCondition"":""""}",63790858,true,false,false,false,false,false,false,false,0,,,,0,,,Deniedpluto
83865c08-245c-4ce1-b474-c80d1632bd4e,24cba72b-2ed7-4fbd-853f-677e42e493d6,2020-07-27 11:48:44,"{""PricePaid"":"""",""PricePaidCurrency"":"""",""PublicComment"":"""",""PrivateComment"":"""",""WishlistComment"":"""",""CurrentPrice"":"""",""CurrentPriceCurrency"":"""",""Barcode"":"""",""AcquiredFrom"":"""",""AcquisitionDate"":"""",""InventoryDate"":"""",""InventoryLocation"":"""",""Quantity"":"""",""HaveParts"":"""",""WantParts"":"""",""Rating"":"""",""TradeCondition"":""""}",39563596,true,false,false,false,false,false,false,false,0,,,,0,,,Deniedpluto
2a1bd65c-89b8-4479-bc38-07cea085937b,4e561f10-248f-472d-95e5-b429efab70dd,2023-08-18 08:27:30,,0,true,false,false,false,false,false,false,false,0,,,Burgle Bros 2: The Casino Capers,0,,,
E5E69887-02B0-4D92-B572-818A53EC24BE,,,,,,,,,,,,,,,,,,,,
2A92D826-EF89-44A4-900C-42EB04D940A7,,,,,,,,,,,,,,,,,,,,
1c2315fb-f1d4-4a0a-9939-c30280bcfe62,2e07386f-9bb6-4396-8b12-cab415bb4145,2023-01-02 20:13:49,"{""Rating"":""5"",""PricePaid"":"""",""PricePaidCurrency"":"""",""PublicComment"":"""",""PrivateComment"":"""",""WishlistComment"":"""",""CurrentPrice"":"""",""CurrentPriceCurrency"":"""",""Barcode"":"""",""AcquiredFrom"":"""",""AcquisitionDate"":"""",""InventoryDate"":"""",""InventoryLocation"":"""",""Quantity"":"""",""HaveParts"":"""",""WantParts"":"""",""TradeCondition"":""""}",63790865,false,false,false,false,false,true,false,false,3,,,,0,https://cf.geekdo-images.com/nYLrPiI9gnvlrwOrKQ4_CA__thumb/img/fIhQLjWueNPYZhCZ_LzjAIhPm5U=/fit-in/200x150/filters:strip_icc()/pic2909692.jpg,https://cf.geekdo-images.com/nYLrPiI9gnvlrwOrKQ4_CA__thumb/img/fIhQLjWueNPYZhCZ_LzjAIhPm5U=/fit-in/200x150/filters:strip_icc()/pic2909692.jpg,Deniedpluto
4b70a1d9-c4b3-481a-8b4a-3d4182fa232c,8f7ee443-8c72-499d-a968-e3c18722ab5c,2023-01-02 20:13:32,"{""Rating"":""5"",""PricePaid"":"""",""PricePaidCurrency"":"""",""PublicComment"":"""",""PrivateComment"":"""",""WishlistComment"":"""",""CurrentPrice"":"""",""CurrentPriceCurrency"":"""",""Barcode"":"""",""AcquiredFrom"":"""",""AcquisitionDate"":"""",""InventoryDate"":"""",""InventoryLocation"":"""",""Quantity"":"""",""HaveParts"":"""",""WantParts"":"""",""TradeCondition"":""""}",63790876,false,false,false,false,false,true,false,false,3,,,,0,https://cf.geekdo-images.com/v5bvwoj3d58t7Y6ZhogRqg__thumb/img/MGzg8N-3QlvJ2vcquKomUyRVVxI=/fit-in/200x150/filters:strip_icc()/pic2006294.png,https://cf.geekdo-images.com/v5bvwoj3d58t7Y6ZhogRqg__thumb/img/MGzg8N-3QlvJ2vcquKomUyRVVxI=/fit-in/200x150/filters:strip_icc()/pic2006294.png,Deniedpluto
27d3981b-af80-4c50-bccc-d883465bcec3,51dafbe8-9c93-4533-b895-9d8e437818d2,2023-01-02 20:13:15,"{""Rating"":""5"",""PricePaid"":"""",""PricePaidCurrency"":"""",""PublicComment"":"""",""PrivateComment"":"""",""WishlistComment"":"""",""CurrentPrice"":"""",""CurrentPriceCurrency"":"""",""Barcode"":"""",""AcquiredFrom"":"""",""AcquisitionDate"":"""",""InventoryDate"":"""",""InventoryLocation"":"""",""Quantity"":"""",""HaveParts"":"""",""WantParts"":"""",""TradeCondition"":""""}",63790879,false,false,false,false,false,true,false,false,3,,,,0,https://cf.geekdo-images.com/QvT5bHh7wRrj53pe4Z8cEQ__thumb/img/eWegi07vGDeqPd6Sm7HXoDlCxfU=/fit-in/200x150/filters:strip_icc()/pic1410357.jpg,https://cf.geekdo-images.com/QvT5bHh7wRrj53pe4Z8cEQ__thumb/img/eWegi07vGDeqPd6Sm7HXoDlCxfU=/fit-in/200x150/filters:strip_icc()/pic1410357.jpg,Deniedpluto
214cf3c0-a381-4a5e-b179-ec9a13bb185b,,,,,,,,,,,,,,,,,,,,
07a85bf6-0663-4890-9306-3feab8171d86,ec9673bf-faf0-475a-8316-37ac6a9b596e,2020-07-27 11:48:42,"{""PricePaid"":"""",""PricePaidCurrency"":"""",""PublicComment"":"""",""PrivateComment"":"""",""WishlistComment"":"""",""CurrentPrice"":"""",""CurrentPriceCurrency"":"""",""Barcode"":"""",""AcquiredFrom"":"""",""AcquisitionDate"":"""",""InventoryDate"":"""",""InventoryLocation"":"""",""Quantity"":"""",""HaveParts"":"""",""WantParts"":"""",""Rating"":"""",""TradeCondition"":""""}",63790795,true,false,false,false,false,false,false,false,0,,,,0,,,Deniedpluto
A7673101-1E50-4647-A6AF-3F2654164690,,,,,,,,,,,,,,,,,,,,
edba4347-42ed-47d9-a3cb-a8da835feb3f,73433312-a72f-4475-98ba-c70d5adf1ab2,2020-07-27 11:48:42,"{""PricePaid"":"""",""PricePaidCurrency"":"""",""PublicComment"":"""",""PrivateComment"":"""",""WishlistComment"":"""",""CurrentPrice"":"""",""CurrentPriceCurrency"":"""",""Barcode"":"""",""AcquiredFrom"":"""",""AcquisitionDate"":"""",""InventoryDate"":"""",""InventoryLocation"":"""",""Quantity"":"""",""HaveParts"":"""",""WantParts"":"""",""Rating"":"""",""TradeCondition"":""""}",63790803,true,false,false,false,false,false,false,false,0,,,,0,,,Deniedpluto
ab6888db-4469-46c4-9121-ef244a439733,a6d607fc-0c49-459a-aae5-c5426490f847,2021-10-03 14:00:35,"{""Rating"":""7"",""PricePaid"":"""",""PricePaidCurrency"":"""",""PublicComment"":"""",""PrivateComment"":"""",""WishlistComment"":"""",""CurrentPrice"":"""",""CurrentPriceCurrency"":"""",""Barcode"":"""",""AcquiredFrom"":"""",""AcquisitionDate"":"""",""InventoryDate"":"""",""InventoryLocation"":"""",""Quantity"":"""",""HaveParts"":"""",""WantParts"":"""",""TradeCondition"":""""}",63790804,true,false,false,false,false,false,false,false,3,,,,0,https://cf.geekdo-images.com/yO6X6iObEb7PtECKCagMKg__thumb/img/sADKPjQ9M3aZgwONMdYvPgmme6c=/fit-in/200x150/filters:strip_icc()/pic2420293.jpg,https://cf.geekdo-images.com/yO6X6iObEb7PtECKCagMKg__thumb/img/sADKPjQ9M3aZgwONMdYvPgmme6c=/fit-in/200x150/filters:strip_icc()/pic2420293.jpg,Deniedpluto
99d94f88-9a22-45ca-96a8-853f66fd1bd1,cc3e7b46-e8dd-405b-bdb3-fd1224b2cc63,2021-10-03 14:00:27,"{""Rating"":""4"",""PricePaid"":"""",""PricePaidCurrency"":"""",""PublicComment"":"""",""PrivateComment"":"""",""WishlistComment"":"""",""CurrentPrice"":"""",""CurrentPriceCurrency"":"""",""Barcode"":"""",""AcquiredFrom"":"""",""AcquisitionDate"":"""",""InventoryDate"":"""",""InventoryLocation"":"""",""Quantity"":"""",""HaveParts"":"""",""WantParts"":"""",""TradeCondition"":""""}",63790882,true,false,false,false,false,false,false,false,3,,,,0,https://cf.geekdo-images.com/owlmDA10KegcwPaapY5auw__thumb/img/73FO0H7pORdum5ZexMXyrjLhpVU=/fit-in/200x150/filters:strip_icc()/pic5146918.png,https://cf.geekdo-images.com/owlmDA10KegcwPaapY5auw__thumb/img/73FO0H7pORdum5ZexMXyrjLhpVU=/fit-in/200x150/filters:strip_icc()/pic5146918.png,Deniedpluto
12b7630e-e3cb-4bd9-b6e2-5b22d6f94558,941cf03a-7b76-497d-b3c4-9ad6e22ec927,2021-10-03 14:00:26,"{""Rating"":""4"",""PricePaid"":"""",""PricePaidCurrency"":"""",""PublicComment"":"""",""PrivateComment"":"""",""WishlistComment"":"""",""CurrentPrice"":"""",""CurrentPriceCurrency"":"""",""Barcode"":"""",""AcquiredFrom"":"""",""AcquisitionDate"":"""",""InventoryDate"":"""",""InventoryLocation"":"""",""Quantity"":"""",""HaveParts"":"""",""WantParts"":"""",""TradeCondition"":""""}",73064003,true,false,false,false,false,false,false,false,3,,,Clue: Harry Potter Edition,0,https://cf.geekdo-images.com/kl72meOISpqzslDEc7R82w__thumb/img/rkIQ9rH2A6H1AZ-1e2nfzAan_H4=/fit-in/200x150/filters:strip_icc()/pic3062134.jpg,https://cf.geekdo-images.com/kl72meOISpqzslDEc7R82w__thumb/img/rkIQ9rH2A6H1AZ-1e2nfzAan_H4=/fit-in/200x150/filters:strip_icc()/pic3062134.jpg,Deniedpluto
43ae77d2-8af7-4c5e-bbcb-bc22718d7fca,,,,,,,,,,,,,,,,,,,,
e3fc4db6-7398-4974-8181-5a9bff0e7803,48e7a264-546e-47b3-8091-6d1131dc4ec1,2020-07-27 12:08:09,"{""PricePaid"":"""",""PricePaidCurrency"":"""",""PublicComment"":"""",""PrivateComment"":"""",""WishlistComment"":"""",""CurrentPrice"":"""",""CurrentPriceCurrency"":"""",""Barcode"":"""",""AcquiredFrom"":"""",""AcquisitionDate"":"""",""InventoryDate"":"""",""InventoryLocation"":"""",""Quantity"":"""",""HaveParts"":"""",""WantParts"":"""",""Rating"":"""",""TradeCondition"":""""}",73064011,true,false,false,false,false,false,false,false,0,,,Codenames: Disney Family Edition,0,,,Deniedpluto
bb2d6bd2-c667-409b-99c0-cabfb1b94bbe,38f1ec4b-913e-4bdf-9222-c898304bf517,2021-10-03 14:00:42,"{""Rating"":""8"",""PricePaid"":"""",""PricePaidCurrency"":"""",""PublicComment"":"""",""PrivateComment"":"""",""WishlistComment"":"""",""CurrentPrice"":"""",""CurrentPriceCurrency"":"""",""Barcode"":"""",""AcquiredFrom"":"""",""AcquisitionDate"":"""",""InventoryDate"":"""",""InventoryLocation"":"""",""Quantity"":"""",""HaveParts"":"""",""WantParts"":"""",""TradeCondition"":""""}",39563392,true,false,false,false,false,false,false,false,3,,,,0,https://cf.geekdo-images.com/Q2u-Nk68Wb1iLjxh_dfsIg__thumb/img/6-1EOESE196KVKw4xOJ5rge56j0=/fit-in/200x150/filters:strip_icc()/pic3476592.jpg,https://cf.geekdo-images.com/Q2u-Nk68Wb1iLjxh_dfsIg__thumb/img/6-1EOESE196KVKw4xOJ5rge56j0=/fit-in/200x150/filters:strip_icc()/pic3476592.jpg,Deniedpluto
25f848fe-270d-4bbf-bdba-66455e5b4409,2a5e2fb4-8257-43f0-9bcc-f9e3567802d3,2020-07-27 12:08:15,"{""PricePaid"":"""",""PricePaidCurrency"":"""",""PublicComment"":"""",""PrivateComment"":"""",""WishlistComment"":"""",""CurrentPrice"":"""",""CurrentPriceCurrency"":"""",""Barcode"":"""",""AcquiredFrom"":"""",""AcquisitionDate"":"""",""InventoryDate"":"""",""InventoryLocation"":"""",""Quantity"":"""",""HaveParts"":"""",""WantParts"":"""",""Rating"":"""",""TradeCondition"":""""}",73064012,true,false,false,false,false,false,false,false,0,,,Concept,0,,,Deniedpluto
0D2E4700-C8FA-46F1-8C29-EABD3956709E,e40984e3-1466-4c93-8553-30b04065b8f4,2021-02-05 16:02:32,"{""PricePaid"":"""",""PricePaidCurrency"":"""",""PublicComment"":"""",""PrivateComment"":"""",""WishlistComment"":"""",""CurrentPrice"":"""",""CurrentPriceCurrency"":"""",""Barcode"":"""",""AcquiredFrom"":"""",""AcquisitionDate"":"""",""InventoryDate"":"""",""InventoryLocation"":"""",""Quantity"":"""",""HaveParts"":"""",""WantParts"":"""",""Rating"":"""",""TradeCondition"":""""}",77151486,true,false,false,false,false,false,false,false,3,,,,0,,,Deniedpluto
40a247bc-b8c8-44e0-8783-e444bb60cf76,,,,,,,,,,,,,,,,,,,,
3a6546b6-46df-4f00-8007-c68e87ed3c51,11963fe2-1285-4326-8eb6-9c2a6cf46c31,2020-07-27 11:48:43,"{""PricePaid"":"""",""PricePaidCurrency"":"""",""PublicComment"":"""",""PrivateComment"":"""",""WishlistComment"":"""",""CurrentPrice"":"""",""CurrentPriceCurrency"":"""",""Barcode"":"""",""AcquiredFrom"":"""",""AcquisitionDate"":"""",""InventoryDate"":"""",""InventoryLocation"":"""",""Quantity"":"""",""HaveParts"":"""",""WantParts"":"""",""Rating"":"""",""TradeCondition"":""""}",63790884,true,false,false,false,false,false,false,false,0,,,,0,,,Deniedpluto
1ac0da9c-1ff0-45b0-8999-cfb5255fe08b,,,,,,,,,,,,,,,,,,,,
e941cd3c-24db-4ff9-929c-fa5d0cdab2de,d3800a34-fa89-4f51-a29f-4bc10ced6fa7,2021-10-03 14:00:32,"{""VersionEmptiedInApp"":0,""Rating"":""10"",""PricePaid"":"""",""PricePaidCurrency"":"""",""PublicComment"":"""",""PrivateComment"":"""",""WishlistComment"":"""",""CurrentPrice"":"""",""CurrentPriceCurrency"":"""",""Barcode"":"""",""AcquiredFrom"":"""",""AcquisitionDate"":"""",""InventoryDate"":"""",""InventoryLocation"":"""",""Quantity"":"""",""HaveParts"":"""",""WantParts"":"""",""TradeCondition"":""""}",73152502,true,false,false,false,false,false,false,false,3,,,Dice Throne,0,https://cf.geekdo-images.com/fx_i2HMyAeCyAh94fH7a1Q__thumb/img/qJVeKAWpB7REM6lraF1sDQy4Ciw=/fit-in/200x150/filters:strip_icc()/pic4490309.png,https://cf.geekdo-images.com/fx_i2HMyAeCyAh94fH7a1Q__thumb/img/qJVeKAWpB7REM6lraF1sDQy4Ciw=/fit-in/200x150/filters:strip_icc()/pic4490309.png,Deniedpluto
29226495-e792-4d99-a204-70d0820c07a6,8f7c4bbd-68e6-41a4-b706-af55d51ab01b,2021-10-03 14:00:41,"{""VersionEmptiedInApp"":0,""Rating"":""9"",""PricePaid"":"""",""PricePaidCurrency"":"""",""PublicComment"":"""",""PrivateComment"":"""",""WishlistComment"":"""",""CurrentPrice"":"""",""CurrentPriceCurrency"":"""",""Barcode"":"""",""AcquiredFrom"":"""",""AcquisitionDate"":"""",""InventoryDate"":"""",""InventoryLocation"":"""",""Quantity"":"""",""HaveParts"":"""",""WantParts"":"""",""TradeCondition"":""""}",78731763,true,false,false,false,false,false,false,false,3,,,Dice Throne Adventures,0,https://cf.geekdo-images.com/kZ9S1yzOdBuftKjgbNzrbA__thumb/img/ki35M633JXlhizWLVcHdFsTH9Bk=/fit-in/200x150/filters:strip_icc()/pic5944413.jpg,https://cf.geekdo-images.com/kZ9S1yzOdBuftKjgbNzrbA__thumb/img/ki35M633JXlhizWLVcHdFsTH9Bk=/fit-in/200x150/filters:strip_icc()/pic5944413.jpg,Deniedpluto
37306495-e501-492a-a357-8b64c7ef7775,1cb2c3ac-e63b-423e-aaeb-e083775a456a,2020-12-15 11:46:11,"{""Rating"":""10"",""PricePaid"":"""",""PricePaidCurrency"":"""",""PublicComment"":"""",""PrivateComment"":"""",""WishlistComment"":"""",""CurrentPrice"":"""",""CurrentPriceCurrency"":"""",""Barcode"":"""",""AcquiredFrom"":"""",""AcquisitionDate"":"""",""InventoryDate"":"""",""InventoryLocation"":"""",""Quantity"":"""",""HaveParts"":"""",""WantParts"":"""",""TradeCondition"":""""}",77151478,true,false,false,false,false,false,false,false,3,,,,0,,,Deniedpluto
35848507-464d-4b9b-b291-6985a531abf1,a4463da3-d7ec-4c2e-82bb-e5f62f6ee115,2020-07-27 11:48:43,"{""PricePaid"":"""",""PricePaidCurrency"":"""",""PublicComment"":"""",""PrivateComment"":"""",""WishlistComment"":"""",""CurrentPrice"":"""",""CurrentPriceCurrency"":"""",""Barcode"":"""",""AcquiredFrom"":"""",""AcquisitionDate"":"""",""InventoryDate"":"""",""InventoryLocation"":"""",""Quantity"":"""",""HaveParts"":"""",""WantParts"":"""",""Rating"":"""",""TradeCondition"":""""}",39563385,true,false,false,false,false,false,false,false,0,,,,0,,,Deniedpluto
4175faf3-cd02-41c5-a500-a74b3a2a5f9b,13ddc985-1875-40ce-93ca-88d387d3164f,2020-07-27 11:48:44,"{""PricePaid"":"""",""PricePaidCurrency"":"""",""PublicComment"":"""",""PrivateComment"":"""",""WishlistComment"":"""",""CurrentPrice"":"""",""CurrentPriceCurrency"":"""",""Barcode"":"""",""AcquiredFrom"":"""",""AcquisitionDate"":"""",""InventoryDate"":"""",""InventoryLocation"":"""",""Quantity"":"""",""HaveParts"":"""",""WantParts"":"""",""Rating"":"""",""TradeCondition"":""""}",39563413,true,false,false,false,false,false,false,false,0,,,,0,,,Deniedpluto
f1eccfca-635b-43ed-9eb9-e25deadbcac7,,,,,,,,,,,,,,,,,,,,
e8e24482-ef52-44d0-a854-484a4783e35f,,,,,,,,,,,,,,,,,,,,
F97187C5-DB54-4E65-AD81-32CFC44DDC4E,5574208c-3b30-4c63-a066-38088d2a3cd2,2020-12-13 09:56:56,"{""PricePaid"":"""",""PricePaidCurrency"":"""",""PublicComment"":"""",""PrivateComment"":"""",""WishlistComment"":"""",""CurrentPrice"":"""",""CurrentPriceCurrency"":"""",""Barcode"":"""",""AcquiredFrom"":"""",""AcquisitionDate"":"""",""InventoryDate"":"""",""InventoryLocation"":"""",""Quantity"":"""",""HaveParts"":"""",""WantParts"":"""",""Rating"":"""",""TradeCondition"":""""}",77151484,true,false,false,false,false,false,false,false,3,,,,0,,,Deniedpluto
F97187C5-DB54-4E65-AD81-32CFC44DDC4E,0e6c7fc7-0ba0-459e-b564-f22dc84c8f27,2020-12-13 09:57:10,"{""PricePaid"":"""",""PricePaidCurrency"":"""",""PublicComment"":"""",""PrivateComment"":"""",""WishlistComment"":"""",""CurrentPrice"":"""",""CurrentPriceCurrency"":"""",""Barcode"":"""",""AcquiredFrom"":"""",""AcquisitionDate"":"""",""InventoryDate"":"""",""InventoryLocation"":"""",""Quantity"":"""",""HaveParts"":"""",""WantParts"":"""",""Rating"":"""",""TradeCondition"":""""}",77151559,true,false,false,false,false,false,false,false,3,,,,0,,,Deniedpluto
f6163503-f5b2-459a-a60a-0d2dfd76c244,910671db-9e0b-4eec-8036-0ac586e87640,2020-07-27 11:48:42,"{""PricePaid"":"""",""PricePaidCurrency"":"""",""PublicComment"":"""",""PrivateComment"":"""",""WishlistComment"":"""",""CurrentPrice"":"""",""CurrentPriceCurrency"":"""",""Barcode"":"""",""AcquiredFrom"":"""",""AcquisitionDate"":"""",""InventoryDate"":"""",""InventoryLocation"":"""",""Quantity"":"""",""HaveParts"":"""",""WantParts"":"""",""Rating"":"""",""TradeCondition"":""""}",63790891,true,false,false,false,false,false,false,false,0,,,,0,,,Deniedpluto
464676ab-a69b-4b69-b369-c7abd5fcbfca,57f5228d-11c3-437b-adc8-cb380b010695,2020-07-27 11:48:42,"{""PricePaid"":"""",""PricePaidCurrency"":"""",""PublicComment"":"""",""PrivateComment"":"""",""WishlistComment"":"""",""CurrentPrice"":"""",""CurrentPriceCurrency"":"""",""Barcode"":"""",""AcquiredFrom"":"""",""AcquisitionDate"":"""",""InventoryDate"":"""",""InventoryLocation"":"""",""Quantity"":"""",""HaveParts"":"""",""WantParts"":"""",""Rating"":"""",""TradeCondition"":""""}",63790894,true,false,false,false,false,false,false,false,0,,,,0,,,Deniedpluto
a00af602-d545-4dff-8b62-779d41f5709e,,,,,,,,,,,,,,,,,,,,
522ec4c3-2e6e-4094-8410-e834afcd1564,,,,,,,,,,,,,,,,,,,,
9244d6d5-c4cb-4f32-9b4a-7be4aefaa145,b2010096-644a-45a2-9e82-7464f895b5cc,2020-07-27 11:48:42,"{""PricePaid"":"""",""PricePaidCurrency"":"""",""PublicComment"":"""",""PrivateComment"":"""",""WishlistComment"":"""",""CurrentPrice"":"""",""CurrentPriceCurrency"":"""",""Barcode"":"""",""AcquiredFrom"":"""",""AcquisitionDate"":"""",""InventoryDate"":"""",""InventoryLocation"":"""",""Quantity"":"""",""HaveParts"":"""",""WantParts"":"""",""Rating"":"""",""TradeCondition"":""""}",39563452,true,false,false,false,false,false,false,false,0,,,,0,,,Deniedpluto
e6a0375f-743f-4203-81a7-3579982d1d8e,7a6f5a68-30b5-4e81-8095-e026d585113c,2021-10-03 14:00:37,"{""PublicComment"":""Pretty easy game to play. Fun to play with friends and can be really exciting. If you like this game, check out Forbidden Desert! This game is pretty easy to win and is a great intro game for cooperative play. It doesn't have a huge amount of replay value but I have played it ~10 times."",""PricePaid"":"""",""PricePaidCurrency"":"""",""PrivateComment"":"""",""WishlistComment"":"""",""CurrentPrice"":"""",""CurrentPriceCurrency"":"""",""Barcode"":"""",""AcquiredFrom"":"""",""AcquisitionDate"":"""",""InventoryDate"":"""",""InventoryLocation"":"""",""Quantity"":"""",""HaveParts"":"""",""WantParts"":"""",""Rating"":"""",""TradeCondition"":""""}",23255813,true,false,false,false,false,false,false,false,3,,,,0,https://cf.geekdo-images.com/JgAkEBUaiHOsOS94iRMs2w__thumb/img/5aPR8-KMbgucI_XkPE2PJaMQQsg=/fit-in/200x150/filters:strip_icc()/pic646458.jpg,https://cf.geekdo-images.com/JgAkEBUaiHOsOS94iRMs2w__thumb/img/5aPR8-KMbgucI_XkPE2PJaMQQsg=/fit-in/200x150/filters:strip_icc()/pic646458.jpg,Deniedpluto
f07f1aa4-c9b5-476c-aa8f-51c58d7b2170,,,,,,,,,,,,,,,,,,,,
e5a2cd90-666b-4b5a-9fbe-166d9ba5d997,,,,,,,,,,,,,,,,,,,,
7b02c2df-66cd-40b0-89c5-9a0bf1078a00,b6260a6c-c0a4-49e6-9c39-6a53e5c9a860,2023-07-20 23:10:59,"{""VersionPublishers"":""Cephalofair Games"",""VersionLanguages"":""English"",""FieldsAllowedToPost"":[],""VersionEmptiedInApp"":0}",0,true,false,false,false,false,false,false,false,0,English Kickstarter edition,484007,Frosthaven,2022,https://cf.geekdo-images.com/cwUgf-f-qwri8UHBUnifuQ__original/img/Tk7wFDJuaU8RPjNkmyC3AWYOPpU=/0x0/filters:format(png)/pic5092291.png,https://cf.geekdo-images.com/cwUgf-f-qwri8UHBUnifuQ__previewthumb/img/cD6pjLS3jhSlB-nHpdj4K6UYYAA=/fit-in/300x320/filters:strip_icc()/pic5092291.png,
b6dcd4c9-6fb5-4402-9b92-863d9fc9a8c4,,,,,,,,,,,,,,,,,,,,
296f3874-3e77-4917-abbd-b4df61892154,2d238b4c-e4d3-4a3b-8c47-6c7c3703ad96,2021-10-03 14:00:38,"{""Rating"":""9"",""PricePaid"":"""",""PricePaidCurrency"":"""",""PublicComment"":"""",""PrivateComment"":"""",""WishlistComment"":"""",""CurrentPrice"":"""",""CurrentPriceCurrency"":"""",""Barcode"":"""",""AcquiredFrom"":"""",""AcquisitionDate"":"""",""InventoryDate"":"""",""InventoryLocation"":"""",""Quantity"":"""",""HaveParts"":"""",""WantParts"":"""",""TradeCondition"":""""}",63790907,true,false,false,false,false,false,false,false,3,,,,0,https://cf.geekdo-images.com/sZYp_3BTDGjh2unaZfZmuA__thumb/img/veqFeP4d_3zNhFc3GNBkV95rBEQ=/fit-in/200x150/filters:strip_icc()/pic2437871.jpg,https://cf.geekdo-images.com/sZYp_3BTDGjh2unaZfZmuA__thumb/img/veqFeP4d_3zNhFc3GNBkV95rBEQ=/fit-in/200x150/filters:strip_icc()/pic2437871.jpg,Deniedpluto
2ba0b36c-d352-458a-82b5-6d8043771295,e5b1a557-9d1e-4f32-8208-2c663560e04f,2023-07-09 20:47:57,,0,true,false,false,false,false,false,false,false,0,,,Gloomhaven: Jaws of the Lion,0,,,
b4fac8f0-452d-46b7-a3e7-69883b3b9fb7,718c0300-60f0-400f-91dc-33cef1b4d93e,2020-07-27 11:48:44,"{""PricePaid"":"""",""PricePaidCurrency"":"""",""PublicComment"":"""",""PrivateComment"":"""",""WishlistComment"":"""",""CurrentPrice"":"""",""CurrentPriceCurrency"":"""",""Barcode"":"""",""AcquiredFrom"":"""",""AcquisitionDate"":"""",""InventoryDate"":"""",""InventoryLocation"":"""",""Quantity"":"""",""HaveParts"":"""",""WantParts"":"""",""Rating"":"""",""TradeCondition"":""""}",63790908,true,false,false,false,false,false,false,false,0,,,,0,,,Deniedpluto
aceb7319-262c-42f7-8c80-2dbf71a64b74,90526811-34fe-43e7-9e69-388608d36ed5,2021-10-03 14:00:37,"{""Rating"":""7"",""PricePaid"":"""",""PricePaidCurrency"":"""",""PublicComment"":"""",""PrivateComment"":"""",""WishlistComment"":"""",""CurrentPrice"":"""",""CurrentPriceCurrency"":"""",""Barcode"":"""",""AcquiredFrom"":"""",""AcquisitionDate"":"""",""InventoryDate"":"""",""InventoryLocation"":"""",""Quantity"":"""",""HaveParts"":"""",""WantParts"":"""",""TradeCondition"":""""}",39563612,true,false,false,false,false,false,false,false,3,,,,0,https://cf.geekdo-images.com/JDVksMwfcqoem1k_xtZrOA__thumb/img/amCeCcEKhYGbVtDvpvIMnu3qTg0=/fit-in/200x150/filters:strip_icc()/pic2007286.jpg,https://cf.geekdo-images.com/JDVksMwfcqoem1k_xtZrOA__thumb/img/amCeCcEKhYGbVtDvpvIMnu3qTg0=/fit-in/200x150/filters:strip_icc()/pic2007286.jpg,Deniedpluto
6c6bec43-7b75-4b76-8737-445f36b7b3b5,84f51623-284a-46b7-917f-5abbbd4b5a2a,2020-07-27 11:48:41,"{""PricePaid"":"""",""PricePaidCurrency"":"""",""PublicComment"":"""",""PrivateComment"":"""",""WishlistComment"":"""",""CurrentPrice"":"""",""CurrentPriceCurrency"":"""",""Barcode"":"""",""AcquiredFrom"":"""",""AcquisitionDate"":"""",""InventoryDate"":"""",""InventoryLocation"":"""",""Quantity"":"""",""HaveParts"":"""",""WantParts"":"""",""Rating"":"""",""TradeCondition"":""""}",39563428,true,false,false,false,false,false,false,false,0,,,,0,,,Deniedpluto
f25455ee-abd7-4c5b-b560-907787e8ff45,,,,,,,,,,,,,,,,,,,,
727b091a-870f-4b7f-8aa9-a18ca3ad6151,d260aa13-4f1d-4a6f-8da0-1da28b7a51db,2020-07-27 11:48:43,"{""PricePaid"":"""",""PricePaidCurrency"":"""",""PublicComment"":"""",""PrivateComment"":"""",""WishlistComment"":"""",""CurrentPrice"":"""",""CurrentPriceCurrency"":"""",""Barcode"":"""",""AcquiredFrom"":"""",""AcquisitionDate"":"""",""InventoryDate"":"""",""InventoryLocation"":"""",""Quantity"":"""",""HaveParts"":"""",""WantParts"":"""",""Rating"":"""",""TradeCondition"":""""}",58567146,true,false,false,false,false,false,false,false,0,,,,0,,,Deniedpluto
6c2152dd-1342-42b1-83e4-3c60b6f7d4df,5586a6f9-c6db-4685-a51d-19a512c02ec5,2021-10-03 14:00:29,"{""Rating"":""9"",""PricePaid"":"""",""PricePaidCurrency"":"""",""PublicComment"":"""",""PrivateComment"":"""",""WishlistComment"":"""",""CurrentPrice"":"""",""CurrentPriceCurrency"":"""",""Barcode"":"""",""AcquiredFrom"":"""",""AcquisitionDate"":"""",""InventoryDate"":"""",""InventoryLocation"":"""",""Quantity"":"""",""HaveParts"":"""",""WantParts"":"""",""TradeCondition"":""""}",39563422,true,false,false,false,false,false,false,false,3,,,,0,https://cf.geekdo-images.com/_LTujSe_o16nvjDC-J0seA__thumb/img/82vhODfpxIT03BzW4NkisJ5Unzs=/fit-in/200x150/filters:strip_icc()/pic5100947.jpg,https://cf.geekdo-images.com/_LTujSe_o16nvjDC-J0seA__thumb/img/82vhODfpxIT03BzW4NkisJ5Unzs=/fit-in/200x150/filters:strip_icc()/pic5100947.jpg,Deniedpluto
1fc4e12a-407e-410d-b89c-d7a2ceee1305,cf3225d5-0f37-45ce-ab1d-6eec61ca61ca,2021-02-12 07:53:50,"{""PricePaid"":"""",""PricePaidCurrency"":"""",""PublicComment"":"""",""PrivateComment"":"""",""WishlistComment"":"""",""CurrentPrice"":"""",""CurrentPriceCurrency"":"""",""Barcode"":"""",""AcquiredFrom"":"""",""AcquisitionDate"":"""",""InventoryDate"":"""",""InventoryLocation"":"""",""Quantity"":"""",""HaveParts"":"""",""WantParts"":"""",""Rating"":"""",""TradeCondition"":""""}",79449163,true,false,false,false,false,false,false,false,0,,,Kingdomino,0,,,Deniedpluto
b510db8f-c11e-4581-bd5f-1cc98b95f816,,,,,,,,,,,,,,,,,,,,
4b57f870-f012-40da-ae40-748e3514202c,98f38466-3a26-4d31-baab-4c80e0bef7d9,2020-07-27 11:48:43,"{""PricePaid"":"""",""PricePaidCurrency"":"""",""PublicComment"":"""",""PrivateComment"":"""",""WishlistComment"":"""",""CurrentPrice"":"""",""CurrentPriceCurrency"":"""",""Barcode"":"""",""AcquiredFrom"":"""",""AcquisitionDate"":"""",""InventoryDate"":"""",""InventoryLocation"":"""",""Quantity"":"""",""HaveParts"":"""",""WantParts"":"""",""Rating"":"""",""TradeCondition"":""""}",39563603,true,false,false,false,false,false,false,false,0,,,,0,,,Deniedpluto
3426dd25-cd18-4f53-94b7-d05fa25eea9f,,,,,,,,,,,,,,,,,,,,
bba9ce3d-ed48-4218-a1a6-d97644b81435,,,,,,,,,,,,,,,,,,,,
498b7fa0-14b9-4ce5-8437-c563fdbfd617,834d0da5-2afc-4c46-a95e-5f0a33cffc56,2022-07-12 20:31:15,"{""VersionPublishers"":""The Op, Roxley"",""VersionLanguages"":""English"",""FieldsAllowedToPost"":[""copyVersionId""],""VersionEmptiedInApp"":0}",0,true,false,false,false,false,false,false,false,0,English edition,582265,Marvel Dice Throne,2022,https://cf.geekdo-images.com/0CoVv7fLruyVfIvldchc0g__original/img/rj28QrAYFoHoLxAIIqxpDDT1B2w=/0x0/filters:format(png)/pic6428251.png,https://cf.geekdo-images.com/0CoVv7fLruyVfIvldchc0g__previewthumb/img/9OzX3MlirYCF2w6to728M0ZT-oQ=/fit-in/300x320/filters:strip_icc()/pic6428251.png,
3db3574f-8c5c-4034-9566-33fbeb4ee25a,6773e163-21b0-49c5-a989-12110e6f0f2f,2020-07-27 11:48:43,"{""VersionPublishers"":""Z-Man Games, Inc."",""VersionLanguages"":""English"",""PublicComment"":""Fantastic game with one of the best combat systems I have ever seen. There is a lot of information to gather up front before playing but once you have played a little the rest come organically. Can be a very long game, it usually takes about 2 hours for me to play. "",""Rating"":""9"",""PricePaid"":"""",""PricePaidCurrency"":"""",""PrivateComment"":"""",""WishlistComment"":"""",""CurrentPrice"":"""",""CurrentPriceCurrency"":"""",""Barcode"":"""",""AcquiredFrom"":"""",""AcquisitionDate"":"""",""InventoryDate"":"""",""InventoryLocation"":"""",""Quantity"":"""",""HaveParts"":"""",""WantParts"":"""",""TradeCondition"":""""}",23255762,true,false,false,false,false,false,false,false,0,English first edition,41498,,2010,https://cf.geekdo-images.com/original/img/mNWaseFj2eSJP6VdhsIs9GdeYSs=/0x0/pic738119.jpg,https://cf.geekdo-images.com/thumb/img/frmqzXc01uvqO6usycue7Tnz8xI=/fit-in/200x150/pic738119.jpg,Deniedpluto
c0620bb1-75f0-43f9-b8b8-c02888760a6b,,,,,,,,,,,,,,,,,,,,
adbfa054-08ca-442f-8971-464507513753,bb8f0c94-9828-42fa-833f-051618977d9c,2023-08-18 08:27:51,,0,true,false,false,false,false,false,false,false,0,,,Monikers,0,,,
bcef2a45-0482-4d35-904e-f9c5e809d0e7,194bdfe1-5b78-49e4-af18-baecb729aa2e,2021-10-03 14:00:26,"{""Rating"":""6"",""PricePaid"":"""",""PricePaidCurrency"":"""",""PublicComment"":"""",""PrivateComment"":"""",""WishlistComment"":"""",""CurrentPrice"":"""",""CurrentPriceCurrency"":"""",""Barcode"":"""",""AcquiredFrom"":"""",""AcquisitionDate"":"""",""InventoryDate"":"""",""InventoryLocation"":"""",""Quantity"":"""",""HaveParts"":"""",""WantParts"":"""",""TradeCondition"":""""}",63790916,true,false,false,false,false,false,false,false,3,,,,0,https://cf.geekdo-images.com/J-ts3MW0UhDzs621TR6cog__thumb/img/8hVkpMC5pDLr6ARI_4gI4N3aF5M=/fit-in/200x150/filters:strip_icc()/pic1871016.jpg,https://cf.geekdo-images.com/J-ts3MW0UhDzs621TR6cog__thumb/img/8hVkpMC5pDLr6ARI_4gI4N3aF5M=/fit-in/200x150/filters:strip_icc()/pic1871016.jpg,Deniedpluto
cb88bab3-cb2f-4f01-bcad-4205ab334e69,ad4c8905-a69f-4f09-bf77-221b7bf635dc,2021-10-03 14:00:34,"{""Rating"":""5"",""PricePaid"":"""",""PricePaidCurrency"":"""",""PublicComment"":"""",""PrivateComment"":"""",""WishlistComment"":"""",""CurrentPrice"":"""",""CurrentPriceCurrency"":"""",""Barcode"":"""",""AcquiredFrom"":"""",""AcquisitionDate"":"""",""InventoryDate"":"""",""InventoryLocation"":"""",""Quantity"":"""",""HaveParts"":"""",""WantParts"":"""",""TradeCondition"":""""}",63790934,true,false,false,false,false,false,false,false,3,,,,0,https://cf.geekdo-images.com/BK1NacCY4BkDTTiCPo7-kQ__thumb/img/RAxAuYVLe3t-l8LgGndh7LF7h18=/fit-in/200x150/filters:strip_icc()/pic1045944.jpg,https://cf.geekdo-images.com/BK1NacCY4BkDTTiCPo7-kQ__thumb/img/RAxAuYVLe3t-l8LgGndh7LF7h18=/fit-in/200x150/filters:strip_icc()/pic1045944.jpg,Deniedpluto
c75860de-395f-43f3-b66c-7e2b630ad3d5,59762db8-3979-4840-9d3c-f18df00da06a,2021-10-03 14:00:33,"{""PublicComment"":""This is my favorite version of Munchkin that I have played. \n"",""Rating"":""7"",""PricePaid"":"""",""PricePaidCurrency"":"""",""PrivateComment"":"""",""WishlistComment"":"""",""CurrentPrice"":"""",""CurrentPriceCurrency"":"""",""Barcode"":"""",""AcquiredFrom"":"""",""AcquisitionDate"":"""",""InventoryDate"":"""",""InventoryLocation"":"""",""Quantity"":"""",""HaveParts"":"""",""WantParts"":"""",""TradeCondition"":""""}",63790923,true,false,false,false,false,false,false,false,3,,,,0,https://cf.geekdo-images.com/zTZwoDaaeBw_iUK8I3_dYg__thumb/img/F-BR4sbXAGPOUcETreUjOma_EXU=/fit-in/200x150/filters:strip_icc()/pic338759.jpg,https://cf.geekdo-images.com/zTZwoDaaeBw_iUK8I3_dYg__thumb/img/F-BR4sbXAGPOUcETreUjOma_EXU=/fit-in/200x150/filters:strip_icc()/pic338759.jpg,Deniedpluto
ee46178b-33d9-470d-a8b2-83bf95c34668,06c58ff5-eeb6-4c8a-bf7e-413327719547,2021-10-03 14:00:42,"{""PublicComment"":""More sharks! Also some other fun cards that make Munchkin Booty better."",""PricePaid"":"""",""PricePaidCurrency"":"""",""PrivateComment"":"""",""WishlistComment"":"""",""CurrentPrice"":"""",""CurrentPriceCurrency"":"""",""Barcode"":"""",""AcquiredFrom"":"""",""AcquisitionDate"":"""",""InventoryDate"":"""",""InventoryLocation"":"""",""Quantity"":"""",""HaveParts"":"""",""WantParts"":"""",""Rating"":"""",""TradeCondition"":""""}",63790929,true,false,false,false,false,false,false,false,3,,,,0,https://cf.geekdo-images.com/hQPQ1z1r5dS_IN31WebRbg__thumb/img/Z9_Rt8_WH0UPm0Leo_5aaWHBGvc=/fit-in/200x150/filters:strip_icc()/pic408659.jpg,https://cf.geekdo-images.com/hQPQ1z1r5dS_IN31WebRbg__thumb/img/Z9_Rt8_WH0UPm0Leo_5aaWHBGvc=/fit-in/200x150/filters:strip_icc()/pic408659.jpg,Deniedpluto
5c89dd9c-f788-44c1-b571-4464c1cc5bde,b362861a-7daa-429a-85a1-60f554bd6511,2021-10-03 14:00:33,"{""Rating"":""7"",""PricePaid"":"""",""PricePaidCurrency"":"""",""PublicComment"":"""",""PrivateComment"":"""",""WishlistComment"":"""",""CurrentPrice"":"""",""CurrentPriceCurrency"":"""",""Barcode"":"""",""AcquiredFrom"":"""",""AcquisitionDate"":"""",""InventoryDate"":"""",""InventoryLocation"":"""",""Quantity"":"""",""HaveParts"":"""",""WantParts"":"""",""TradeCondition"":""""}",63790947,true,false,false,false,false,false,false,false,3,,,,0,https://cf.geekdo-images.com/wfeAiLK5n5hD1omhnlYLLA__thumb/img/NAl-NrSAmWvklSVr3hKrSwiszNA=/fit-in/200x150/filters:strip_icc()/pic2601683.jpg,https://cf.geekdo-images.com/wfeAiLK5n5hD1omhnlYLLA__thumb/img/NAl-NrSAmWvklSVr3hKrSwiszNA=/fit-in/200x150/filters:strip_icc()/pic2601683.jpg,Deniedpluto
090463e1-308a-494a-bf0d-f30678e8cd37,,,,,,,,,,,,,,,,,,,,
4f91d5ff-81f6-4f82-b695-d8fa9af6c90d,5233e5cd-1c6d-4f00-897e-8a80764648a6,2020-07-27 11:48:43,"{""PricePaid"":"""",""PricePaidCurrency"":"""",""PublicComment"":"""",""PrivateComment"":"""",""WishlistComment"":"""",""CurrentPrice"":"""",""CurrentPriceCurrency"":"""",""Barcode"":"""",""AcquiredFrom"":"""",""AcquisitionDate"":"""",""InventoryDate"":"""",""InventoryLocation"":"""",""Quantity"":"""",""HaveParts"":"""",""WantParts"":"""",""Rating"":"""",""TradeCondition"":""""}",63790959,true,false,false,false,false,false,false,false,0,,,,0,,,Deniedpluto
14906c32-642d-4acf-8939-c6478277b8fc,2c191d49-688a-4294-980e-afb1ab12e416,2020-07-27 12:10:09,,0,true,false,false,false,false,false,false,false,0,,,New York Slice,0,,,
61735fa0-d88b-41b7-b29f-fddccf7b899e,b9f4043f-08bd-4619-b438-e2c9e09c81d8,2021-01-17 21:15:06,"{""PricePaid"":"""",""PricePaidCurrency"":"""",""PublicComment"":"""",""PrivateComment"":"""",""WishlistComment"":"""",""CurrentPrice"":"""",""CurrentPriceCurrency"":"""",""Barcode"":"""",""AcquiredFrom"":"""",""AcquisitionDate"":"""",""InventoryDate"":"""",""InventoryLocation"":"""",""Quantity"":"""",""HaveParts"":"""",""WantParts"":"""",""Rating"":"""",""TradeCondition"":""""}",77151480,true,false,false,false,false,false,false,false,3,,,,0,,,Deniedpluto
21837d10-698a-4318-b823-308fe9da2dc4,547b7736-955e-4f71-b730-28a8c22af6da,2021-02-12 07:56:49,"{""PricePaid"":"""",""PricePaidCurrency"":"""",""PublicComment"":"""",""PrivateComment"":"""",""WishlistComment"":"""",""CurrentPrice"":"""",""CurrentPriceCurrency"":"""",""Barcode"":"""",""AcquiredFrom"":"""",""AcquisitionDate"":"""",""InventoryDate"":"""",""InventoryLocation"":"""",""Quantity"":"""",""HaveParts"":"""",""WantParts"":"""",""Rating"":"""",""TradeCondition"":""""}",79449237,true,false,false,false,false,false,false,false,0,,,Organ ATTACK!,0,,,Deniedpluto
4b74cb29-d6d7-4612-9c2e-ee5bf717fa4f,2b7eece8-f277-4f17-bf9d-0e89f0bb32fc,2020-07-27 11:48:43,"{""VersionPublishers"":""Z-Man Games, Inc."",""VersionLanguages"":""English"",""Rating"":""8"",""PricePaid"":"""",""PricePaidCurrency"":"""",""PublicComment"":"""",""PrivateComment"":"""",""WishlistComment"":"""",""CurrentPrice"":"""",""CurrentPriceCurrency"":"""",""Barcode"":"""",""AcquiredFrom"":"""",""AcquisitionDate"":"""",""InventoryDate"":"""",""InventoryLocation"":"""",""Quantity"":"""",""HaveParts"":"""",""WantParts"":"""",""TradeCondition"":""""}",39563167,true,false,false,false,false,false,false,false,0,English edition 2013,195312,,2013,https://cf.geekdo-images.com/original/img/Qfh2uOaDFt4JIDyvdMudFmSKlSk=/0x0/pic2212955.jpg,https://cf.geekdo-images.com/thumb/img/VSYuejqn7teGQL27KZXf2yYZJbM=/fit-in/200x150/pic2212955.jpg,Deniedpluto
4b74cb29-d6d7-4612-9c2e-ee5bf717fa4f,0656860c-deef-49ef-ac45-6fb0eaa2af98,2021-02-05 16:03:37,"{""PricePaid"":"""",""PricePaidCurrency"":"""",""PublicComment"":"""",""PrivateComment"":"""",""WishlistComment"":"""",""CurrentPrice"":"""",""CurrentPriceCurrency"":"""",""Barcode"":"""",""AcquiredFrom"":"""",""AcquisitionDate"":"""",""InventoryDate"":"""",""InventoryLocation"":"""",""Quantity"":"""",""HaveParts"":"""",""WantParts"":"""",""Rating"":"""",""TradeCondition"":""""}",77151481,true,false,false,false,false,false,false,false,3,,,,0,,,Deniedpluto
4b74cb29-d6d7-4612-9c2e-ee5bf717fa4f,8fa30c5b-6b93-4177-8efb-80389b2312ab,2021-02-05 16:03:41,"{""PricePaid"":"""",""PricePaidCurrency"":"""",""PublicComment"":"""",""PrivateComment"":"""",""WishlistComment"":"""",""CurrentPrice"":"""",""CurrentPriceCurrency"":"""",""Barcode"":"""",""AcquiredFrom"":"""",""AcquisitionDate"":"""",""InventoryDate"":"""",""InventoryLocation"":"""",""Quantity"":"""",""HaveParts"":"""",""WantParts"":"""",""Rating"":"""",""TradeCondition"":""""}",79229725,true,false,false,false,false,false,false,false,3,,,,0,,,Deniedpluto
4b74cb29-d6d7-4612-9c2e-ee5bf717fa4f,e34ded49-f85a-4f83-9c9a-94d929791358,2021-02-05 16:03:47,"{""PricePaid"":"""",""PricePaidCurrency"":"""",""PublicComment"":"""",""PrivateComment"":"""",""WishlistComment"":"""",""CurrentPrice"":"""",""CurrentPriceCurrency"":"""",""Barcode"":"""",""AcquiredFrom"":"""",""AcquisitionDate"":"""",""InventoryDate"":"""",""InventoryLocation"":"""",""Quantity"":"""",""HaveParts"":"""",""WantParts"":"""",""Rating"":"""",""TradeCondition"":""""}",79229727,true,false,false,false,false,false,false,false,3,,,,0,,,Deniedpluto
d102cbc3-53af-4bae-a250-7c8c2dffe72f,4ed09002-9652-494f-87aa-dde93fafcc0b,2020-07-27 11:48:43,"{""PricePaid"":"""",""PricePaidCurrency"":"""",""PublicComment"":"""",""PrivateComment"":"""",""WishlistComment"":"""",""CurrentPrice"":"""",""CurrentPriceCurrency"":"""",""Barcode"":"""",""AcquiredFrom"":"""",""AcquisitionDate"":"""",""InventoryDate"":"""",""InventoryLocation"":"""",""Quantity"":"""",""HaveParts"":"""",""WantParts"":"""",""Rating"":"""",""TradeCondition"":""""}",39563419,true,false,false,false,false,false,false,false,0,,,,0,,,Deniedpluto
c375e4cb-501f-4851-9b2c-42567ae86691,445095eb-eb34-4cbd-aa4d-caf23220d266,2020-07-27 11:48:42,"{""PricePaid"":"""",""PricePaidCurrency"":"""",""PublicComment"":"""",""PrivateComment"":"""",""WishlistComment"":"""",""CurrentPrice"":"""",""CurrentPriceCurrency"":"""",""Barcode"":"""",""AcquiredFrom"":"""",""AcquisitionDate"":"""",""InventoryDate"":"""",""InventoryLocation"":"""",""Quantity"":"""",""HaveParts"":"""",""WantParts"":"""",""Rating"":"""",""TradeCondition"":""""}",63790963,true,false,false,false,false,false,false,false,0,,,,0,,,Deniedpluto
40162811-873f-487b-9018-b7b73362fc7f,95f639e6-6655-44bb-9a45-3dd8fad0e29c,2021-12-24 21:02:33,"{""FieldsAllowedToPost"":[""AcquiredFrom"",""copyVersionId"",""AcquisitionDate"",""PricePaidCurrency"",""PricePaid""],""PricePaid"":""50"",""PricePaidCurrency"":""USD"",""AcquisitionDate"":""2021-12-24"",""AcquiredFrom"":""Board Game Paradise"",""VersionPublishers"":""Keymaster Games"",""VersionLanguages"":""English"",""VersionEmptiedInApp"":0}",0,true,false,false,false,false,false,false,false,0,"English edition, first printing",433960,PARKS,2019,https://cf.geekdo-images.com/mF2cSNRk2O6HtE45Sl9TcA__original/img/_KNgPoC_4l7iN0ntbFILexOJpfc=/0x0/filters:format(jpeg)/pic4852372.jpg,https://cf.geekdo-images.com/mF2cSNRk2O6HtE45Sl9TcA__previewthumb/img/6vJ3oeNRkSDjrRs7T5aLiFhdfW4=/fit-in/300x320/filters:strip_icc()/pic4852372.jpg,
6fc5309e-c0eb-4ab8-a4c7-f1f393ba7702,,,,,,,,,,,,,,,,,,,,
c9907fa4-1529-449a-9964-2f87ee5130ca,,,,,,,,,,,,,,,,,,,,
8f5e4069-3104-4d80-943e-748f157d84a1,1766cee6-2dd8-4231-8cd3-2d3a37ee1345,2021-10-03 14:00:35,"{""Rating"":""5"",""PricePaid"":"""",""PricePaidCurrency"":"""",""PublicComment"":"""",""PrivateComment"":"""",""WishlistComment"":"""",""CurrentPrice"":"""",""CurrentPriceCurrency"":"""",""Barcode"":"""",""AcquiredFrom"":"""",""AcquisitionDate"":"""",""InventoryDate"":"""",""InventoryLocation"":"""",""Quantity"":"""",""HaveParts"":"""",""WantParts"":"""",""TradeCondition"":""""}",63790967,true,false,false,false,false,false,false,false,3,,,,0,https://cf.geekdo-images.com/ijsJSq3c43Or7n14GZdlsQ__thumb/img/PipjggbHWFuGLBURSDmMYahj5vc=/fit-in/200x150/filters:strip_icc()/pic4162618.jpg,https://cf.geekdo-images.com/ijsJSq3c43Or7n14GZdlsQ__thumb/img/PipjggbHWFuGLBURSDmMYahj5vc=/fit-in/200x150/filters:strip_icc()/pic4162618.jpg,Deniedpluto
d0bc0272-a13f-41d6-a605-33a067b5c5d0,,,,,,,,,,,,,,,,,,,,
0df41d82-813d-4798-8ee2-685e94957af3,7e5063fc-aeab-405b-97f2-df2840559037,2020-07-27 11:48:42,"{""Rating"":""6"",""PricePaid"":"""",""PricePaidCurrency"":"""",""PublicComment"":"""",""PrivateComment"":"""",""WishlistComment"":"""",""CurrentPrice"":"""",""CurrentPriceCurrency"":"""",""Barcode"":"""",""AcquiredFrom"":"""",""AcquisitionDate"":"""",""InventoryDate"":"""",""InventoryLocation"":"""",""Quantity"":"""",""HaveParts"":"""",""WantParts"":"""",""TradeCondition"":""""}",39563611,true,false,false,false,false,false,false,false,0,,,,0,,,Deniedpluto
59c2452e-d0d9-4f71-aebd-3e68c9356555,68bf18b8-1a1a-4083-a19e-11e86fd95703,2021-10-03 14:00:31,"{""PublicComment"":""My wife and I love to play this game together. It is really simple to get the hang of and different dream types create a ton of interesting and unique scenarios. Overall it is a great game to play with a small group of people, especially if you can mix in some of the more difficult dream types!"",""PricePaid"":"""",""PricePaidCurrency"":"""",""PrivateComment"":"""",""WishlistComment"":"""",""CurrentPrice"":"""",""CurrentPriceCurrency"":"""",""Barcode"":"""",""AcquiredFrom"":"""",""AcquisitionDate"":"""",""InventoryDate"":"""",""InventoryLocation"":"""",""Quantity"":"""",""HaveParts"":"""",""WantParts"":"""",""Rating"":"""",""TradeCondition"":""""}",32230542,true,false,false,false,false,false,false,false,3,,,,0,https://cf.geekdo-images.com/HObkDxM5Y4X6c-YuFAIgkQ__thumb/img/q-DF97WEJ_yl5IvJ7G5-kcGqVAI=/fit-in/200x150/filters:strip_icc()/pic2387886.png,https://cf.geekdo-images.com/HObkDxM5Y4X6c-YuFAIgkQ__thumb/img/q-DF97WEJ_yl5IvJ7G5-kcGqVAI=/fit-in/200x150/filters:strip_icc()/pic2387886.png,Deniedpluto
564f9022-b3c5-4c2c-baec-941a7447b36b,360fd1ed-86b8-4bc0-886c-76cb3662ec9b,2021-10-03 14:00:28,"{""Rating"":""7"",""PricePaid"":"""",""PricePaidCurrency"":"""",""PublicComment"":"""",""PrivateComment"":"""",""WishlistComment"":"""",""CurrentPrice"":"""",""CurrentPriceCurrency"":"""",""Barcode"":"""",""AcquiredFrom"":"""",""AcquisitionDate"":"""",""InventoryDate"":"""",""InventoryLocation"":"""",""Quantity"":"""",""HaveParts"":"""",""WantParts"":"""",""TradeCondition"":""""}",39563624,true,false,false,false,false,false,false,false,3,,,,0,https://cf.geekdo-images.com/6xo_0lGw-Nt1u8XBgRCwJg__thumb/img/u-fnnKhOgJo7G-brry2jtg5LVMs=/fit-in/200x150/filters:strip_icc()/pic1920775.png,https://cf.geekdo-images.com/6xo_0lGw-Nt1u8XBgRCwJg__thumb/img/u-fnnKhOgJo7G-brry2jtg5LVMs=/fit-in/200x150/filters:strip_icc()/pic1920775.png,Deniedpluto
85735c3a-fc6e-43b3-8bdf-31c6f2d5e8a3,9778bbf5-feba-4406-98c8-ca807970accc,2020-07-27 11:48:41,"{""Rating"":""7.5"",""PricePaid"":"""",""PricePaidCurrency"":"""",""PublicComment"":"""",""PrivateComment"":"""",""WishlistComment"":"""",""CurrentPrice"":"""",""CurrentPriceCurrency"":"""",""Barcode"":"""",""AcquiredFrom"":"""",""AcquisitionDate"":"""",""InventoryDate"":"""",""InventoryLocation"":"""",""Quantity"":"""",""HaveParts"":"""",""WantParts"":"""",""TradeCondition"":""""}",39563458,true,false,false,false,false,false,false,false,0,,,,0,,,Deniedpluto
86f2a809-9443-43d2-8902-f095608679d1,,,,,,,,,,,,,,,,,,,,
00acdbdc-644a-4760-8cbb-8a252c44d0f7,,,,,,,,,,,,,,,,,,,,
e5c19cf2-dcab-4a70-8708-555bf50f8ac9,,,,,,,,,,,,,,,,,,,,
de73cd34-4c56-412f-bb2d-dfc12bab5dc8,,,,,,,,,,,,,,,,,,,,
1fd5d93f-a588-494f-bf72-802de77738e4,bd2b9e78-b4f2-42a7-abd9-84a6753156ee,2021-10-03 14:00:34,"{""Rating"":""7"",""PricePaid"":"""",""PricePaidCurrency"":"""",""PublicComment"":"""",""PrivateComment"":"""",""WishlistComment"":"""",""CurrentPrice"":"""",""CurrentPriceCurrency"":"""",""Barcode"":"""",""AcquiredFrom"":"""",""AcquisitionDate"":"""",""InventoryDate"":"""",""InventoryLocation"":"""",""Quantity"":"""",""HaveParts"":"""",""WantParts"":"""",""TradeCondition"":""""}",63790974,true,false,false,false,false,false,false,false,3,,,,0,https://cf.geekdo-images.com/mVmmntn2oQd0PfFrWBvwIQ__thumb/img/RUmuGCB40FQH0en0R2nrcsSO7DE=/fit-in/200x150/filters:strip_icc()/pic404651.jpg,https://cf.geekdo-images.com/mVmmntn2oQd0PfFrWBvwIQ__thumb/img/RUmuGCB40FQH0en0R2nrcsSO7DE=/fit-in/200x150/filters:strip_icc()/pic404651.jpg,Deniedpluto
086be2ce-2b86-4b90-8998-a254a1fcd08c,,,,,,,,,,,,,,,,,,,,
cf00ea1a-f81c-421f-9ebe-0fbf602713e8,,,,,,,,,,,,,,,,,,,,
f5f91733-4e0a-4043-a834-2dc7655494a1,63d92602-f9d9-4c0c-be03-835449e10134,2020-07-27 11:48:42,"{""PricePaid"":"""",""PricePaidCurrency"":"""",""PublicComment"":"""",""PrivateComment"":"""",""WishlistComment"":"""",""CurrentPrice"":"""",""CurrentPriceCurrency"":"""",""Barcode"":"""",""AcquiredFrom"":"""",""AcquisitionDate"":"""",""InventoryDate"":"""",""InventoryLocation"":"""",""Quantity"":"""",""HaveParts"":"""",""WantParts"":"""",""Rating"":"""",""TradeCondition"":""""}",63790980,true,false,false,false,false,false,false,false,0,,,,0,,,Deniedpluto
182d139e-7374-4bbc-9395-7eec097add96,1307cfea-4abb-4e12-9e3e-5b79d13dc3ef,2023-07-09 20:48:36,,0,true,false,false,false,false,false,false,false,0,,,Sherlock Holmes Consulting Detective: The Thames Murders & Other Cases,0,,,
dc2e195b-5e73-4697-b1f0-f5d165aa91fa,abaf8422-5061-4564-8f25-b5b918872178,2022-06-28 20:28:02,"{""FieldsAllowedToPost"":[],""VersionEmptiedInApp"":0}",0,true,false,false,false,false,false,false,false,0,,,Sleeping Gods,0,,,
0a8cf190-0a44-4bce-bcae-8c3209415236,,,,,,,,,,,,,,,,,,,,
d014e7f2-73f9-4282-8f69-9fe6f1ac5a5d,242db85b-d641-4fd9-9bd0-48d32bdbc664,2021-10-03 14:00:31,"{""VersionPublishers"":""(Self-Published)"",""VersionLanguages"":""English"",""VersionEmptiedInApp"":0,""PublicComment"":""I picked up a copy of Smirkle over the weekend and sat down to play it with some friends and family. The game was a perfect way to spend some time together and not have to think about all the turmoil in the world. I am looking forward to playing this game with my family over the holidays.\n\nWe played a few rounds and really liked the smirkle die - it added an new fun aspect to the game and we were inspired to create some new options of our own.\n\nWe bumped that bad boy up to a 12-sided die (thanks D&D) and created some additional rules to add to the 6 in the base game. Here's what we came up with:\n1) Feast - Everyone gains points!\n2) Famine - Everyone loses points.\n3) Split - You and the player with the least (or second lowest if you have the least points) each take 4 dice and roll. You score your dice together but must each choose to roll or keep. You both gain the points you earn.\n4) Steal - The points you score are taken from the player with the most points.\n5) All or Nothing - You must score points on all 8 dice. If you do, gain 2000 points!.\n6) Smirkle Lord - gain the smirkle lord token (we used the original d6). Redeem the token at any point between players to take an immediate bonus roll and add the total (base + points you roll) to your score. Play then proceeds as normal with whatever dice you didn't score being passed to the player to roll or they can choose to reroll all the dice."",""Rating"":""5"",""PricePaid"":"""",""PricePaidCurrency"":"""",""PrivateComment"":"""",""WishlistComment"":"""",""CurrentPrice"":"""",""CurrentPriceCurrency"":"""",""Barcode"":"""",""AcquiredFrom"":"""",""AcquisitionDate"":"""",""InventoryDate"":"""",""InventoryLocation"":"""",""Quantity"":"""",""HaveParts"":"""",""WantParts"":"""",""TradeCondition"":""""}",76371706,true,false,false,false,false,false,false,false,3,English edition,523484,"Smirkle: the saracastic ""sorry about that"" dice game",2020,https://cf.geekdo-images.com/swJODCYhjLL1jpKzqoEkQw__thumb/img/JECJmn1VF4r4OTjfbMU_fMo0Xf0=/fit-in/200x150/filters:strip_icc()/pic5621793.jpg,https://cf.geekdo-images.com/swJODCYhjLL1jpKzqoEkQw__thumb/img/JECJmn1VF4r4OTjfbMU_fMo0Xf0=/fit-in/200x150/filters:strip_icc()/pic5621793.jpg,Deniedpluto
55B444B9-7A7B-42B9-A353-0909371EA1D7,fe05a883-90f3-401a-8e3f-0793b851bfbb,2023-01-02 20:11:41,"{""PricePaid"":"""",""PricePaidCurrency"":"""",""PublicComment"":"""",""PrivateComment"":"""",""WishlistComment"":"""",""CurrentPrice"":"""",""CurrentPriceCurrency"":"""",""Barcode"":"""",""AcquiredFrom"":"""",""AcquisitionDate"":"""",""InventoryDate"":"""",""InventoryLocation"":"""",""Quantity"":"""",""HaveParts"":"""",""WantParts"":"""",""Rating"":"""",""TradeCondition"":""""}",77151476,false,false,false,false,false,false,false,false,3,,,,0,,,Deniedpluto
55B444B9-7A7B-42B9-A353-0909371EA1D7,2c4fd306-7be4-49eb-a6e4-38b389b76a9e,2023-01-02 20:11:41,"{""PricePaid"":"""",""PricePaidCurrency"":"""",""PublicComment"":"""",""PrivateComment"":"""",""WishlistComment"":"""",""CurrentPrice"":"""",""CurrentPriceCurrency"":"""",""Barcode"":"""",""AcquiredFrom"":"""",""AcquisitionDate"":"""",""InventoryDate"":"""",""InventoryLocation"":"""",""Quantity"":"""",""HaveParts"":"""",""WantParts"":"""",""Rating"":"""",""TradeCondition"":""""}",77151561,false,false,false,false,false,false,false,false,3,,,,0,,,Deniedpluto
cf1a07d7-a67f-4658-bb6e-8a9b1a740398,,,,,,,,,,,,,,,,,,,,
2C088217-C7E3-47CD-BED8-15077C39AF0F,14AFC1D2-1B21-4A95-8E1E-FD946C4524B8,2020-12-13 09:54:18,"{""CurrentPrice"":"""",""WantParts"":"""",""TradeCondition"":"""",""PricePaidCurrency"":"""",""HaveParts"":"""",""CurrentPriceCurrency"":"""",""AcquisitionDate"":"""",""InventoryDate"":"""",""InventoryLocation"":"""",""Barcode"":"""",""AcquiredFrom"":"""",""WishlistComment"":"""",""PublicComment"":"""",""Rating"":"""",""Quantity"":"""",""PrivateComment"":"""",""PricePaid"":""""}",64324310,true,false,false,false,false,false,false,false,0,,0,,2014,,,Deniedpluto
2C088217-C7E3-47CD-BED8-15077C39AF0F,055f66c0-907b-4806-9676-3f4498ee88fa,2020-12-13 09:56:55,"{""PricePaid"":"""",""PricePaidCurrency"":"""",""PublicComment"":"""",""PrivateComment"":"""",""WishlistComment"":"""",""CurrentPrice"":"""",""CurrentPriceCurrency"":"""",""Barcode"":"""",""AcquiredFrom"":"""",""AcquisitionDate"":"""",""InventoryDate"":"""",""InventoryLocation"":"""",""Quantity"":"""",""HaveParts"":"""",""WantParts"":"""",""Rating"":"""",""TradeCondition"":""""}",77151474,true,false,false,false,false,false,false,false,3,,,,0,,,Deniedpluto
63038273-AAC5-4DD5-B5F2-F41652C79C11,0B142E27-8021-4E32-A25A-CE22B507E09C,2023-01-02 20:11:33,"{""CurrentPrice"":"""",""WantParts"":"""",""TradeCondition"":"""",""PricePaidCurrency"":"""",""HaveParts"":"""",""CurrentPriceCurrency"":"""",""AcquisitionDate"":"""",""InventoryDate"":"""",""InventoryLocation"":"""",""Barcode"":"""",""AcquiredFrom"":"""",""WishlistComment"":"""",""PublicComment"":"""",""Rating"":"""",""Quantity"":"""",""PrivateComment"":"""",""PricePaid"":""""}",64324312,false,false,false,false,false,false,false,false,0,,0,,2017,,,Deniedpluto
63038273-AAC5-4DD5-B5F2-F41652C79C11,bd462b48-f288-4df5-80ca-db64a2f73ff9,2023-01-02 20:11:33,"{""PricePaid"":"""",""PricePaidCurrency"":"""",""PublicComment"":"""",""PrivateComment"":"""",""WishlistComment"":"""",""CurrentPrice"":"""",""CurrentPriceCurrency"":"""",""Barcode"":"""",""AcquiredFrom"":"""",""AcquisitionDate"":"""",""InventoryDate"":"""",""InventoryLocation"":"""",""Quantity"":"""",""HaveParts"":"""",""WantParts"":"""",""Rating"":"""",""TradeCondition"":""""}",77151479,false,false,false,false,false,false,false,false,3,,,,0,,,Deniedpluto
c987b64f-939f-43f4-a6d2-ef716eb6a7dc,e0c5e43a-c3b7-4a10-bcb1-7582e9d4c20a,2023-08-18 08:27:36,,0,true,false,false,false,false,false,false,false,0,,,Star Realms: Frontiers,0,,,
61250d64-0fba-4cdc-9a10-df6835b14819,6d5874b8-b701-4159-b9e3-d9025ad7b10b,2020-07-27 11:48:43,"{""VersionPublishers"":""Fantasy Flight Games (FFG)"",""VersionLanguages"":""English"",""PublicComment"":""SW: IA is, without a question, a fantastic game. Let me preface this review by saying I have only played 1v1 (and 1v1v1) and have not had time to embark on the campaign portion of the game. That being said, the game is wonderfully put together and combat, skills, abilities, and strategy all work cohesively to create a well-thought out and put together game. The game play is great, but some of the rule book is a little hard to understand and the game takes a ton of time and a committed group to do the campaign. "",""HaveParts"":""Han Solo Ally Pack, Chewbacca Ally Pack, IG-88 Villain Pack, and Royal Guard Champion Villain Pack"",""Rating"":""9"",""PricePaid"":"""",""PricePaidCurrency"":"""",""PrivateComment"":"""",""WishlistComment"":"""",""CurrentPrice"":"""",""CurrentPriceCurrency"":"""",""Barcode"":"""",""AcquiredFrom"":"""",""AcquisitionDate"":"""",""InventoryDate"":"""",""InventoryLocation"":"""",""Quantity"":"""",""WantParts"":"""",""TradeCondition"":""""}",27267395,true,false,false,false,false,false,false,false,0,English edition,248956,,2014,https://cf.geekdo-images.com/original/img/wWTlEaPbVoUybefxFpFVTv1OU74=/0x0/pic2247647.jpg,https://cf.geekdo-images.com/thumb/img/B7vdjMVow6IMf_Mo41qDJ-huZP4=/fit-in/200x150/pic2247647.jpg,Deniedpluto
fbdc2a21-72d4-4c1a-a7e9-42c01fe6d4b2,e2c161e2-3ed8-4921-9e42-9347bfb9ba11,2020-07-27 11:48:41,"{""PricePaid"":"""",""PricePaidCurrency"":"""",""PublicComment"":"""",""PrivateComment"":"""",""WishlistComment"":"""",""CurrentPrice"":"""",""CurrentPriceCurrency"":"""",""Barcode"":"""",""AcquiredFrom"":"""",""AcquisitionDate"":"""",""InventoryDate"":"""",""InventoryLocation"":"""",""Quantity"":"""",""HaveParts"":"""",""WantParts"":"""",""Rating"":"""",""TradeCondition"":""""}",63791019,true,false,false,false,false,false,false,false,0,,,,0,,,Deniedpluto
5a89dcec-90b9-4272-bb7b-c6618817b6da,447fc0d3-079c-47c4-af27-8a2ce83ae9f9,2021-10-03 14:00:39,"{""Rating"":""7"",""PricePaid"":"""",""PricePaidCurrency"":"""",""PublicComment"":"""",""PrivateComment"":"""",""WishlistComment"":"""",""CurrentPrice"":"""",""CurrentPriceCurrency"":"""",""Barcode"":"""",""AcquiredFrom"":"""",""AcquisitionDate"":"""",""InventoryDate"":"""",""InventoryLocation"":"""",""Quantity"":"""",""HaveParts"":"""",""WantParts"":"""",""TradeCondition"":""""}",73064087,true,false,false,false,false,false,false,false,3,,,Sushi Go!,0,https://cf.geekdo-images.com/EPdI2KbLVtpGWLgL_eJLFg__thumb/img/6fDvIObIG-oxTDWNaf8l9mchWMk=/fit-in/200x150/filters:strip_icc()/pic5885690.jpg,https://cf.geekdo-images.com/EPdI2KbLVtpGWLgL_eJLFg__thumb/img/6fDvIObIG-oxTDWNaf8l9mchWMk=/fit-in/200x150/filters:strip_icc()/pic5885690.jpg,Deniedpluto
81c7a8c6-7acd-4bd9-bfa4-27e273c22130,,,,,,,,,,,,,,,,,,,,
4a484d0c-ac96-4a3c-a377-943ca8ab947d,7f73c9a6-3ced-40bb-8ce4-b9bf112e5e3a,2022-07-26 20:37:56,"{""FieldsAllowedToPost"":[],""VersionEmptiedInApp"":1}",0,false,false,false,false,false,false,false,false,0,,,Terraforming Mars,0,,,
dd4941c4-96f3-4ac8-a3e5-82f421e9ff00,,,,,,,,,,,,,,,,,,,,
81ba219c-7ce1-4a22-a505-c23175210cb7,1c8914b5-6f08-48e8-98fe-c51ec3e902d4,2022-06-18 14:22:10,"{""FieldsAllowedToPost"":[],""VersionEmptiedInApp"":0}",0,true,false,false,false,false,false,false,false,0,,,The Game of Things,0,,,
12d984cc-44e0-4965-84f8-2a8ee8f71534,,,,,,,,,,,,,,,,,,,,
c2e66b84-38a7-4be2-94d6-84acb16b08b6,36ae82c6-97f5-400f-9506-b5c04a1b2d46,2020-07-27 12:11:12,"{""PricePaid"":"""",""PricePaidCurrency"":"""",""PublicComment"":"""",""PrivateComment"":"""",""WishlistComment"":"""",""CurrentPrice"":"""",""CurrentPriceCurrency"":"""",""Barcode"":"""",""AcquiredFrom"":"""",""AcquisitionDate"":"""",""InventoryDate"":"""",""InventoryLocation"":"""",""Quantity"":"""",""HaveParts"":"""",""WantParts"":"""",""Rating"":"""",""TradeCondition"":""""}",73064080,true,false,false,false,false,false,false,false,0,,,The Resistance,0,,,Deniedpluto
6f360f01-0a64-4245-80fd-e0d93522f44b,,,,,,,,,,,,,,,,,,,,
d74687ee-40ce-447c-a383-ccef90b72553,b0a6d252-56fb-4f4c-84aa-f6a3cb5019ef,2020-07-27 11:48:44,"{""PublicComment"":""Great game overall, very easy to play and learn, great for groups of people. Lacks in long term replay value(I have probably played this game at least a dozen times if not more). 1910 expansion is a necessity unless you really like tiny cards"",""Rating"":""7"",""PricePaid"":"""",""PricePaidCurrency"":"""",""PrivateComment"":"""",""WishlistComment"":"""",""CurrentPrice"":"""",""CurrentPriceCurrency"":"""",""Barcode"":"""",""AcquiredFrom"":"""",""AcquisitionDate"":"""",""InventoryDate"":"""",""InventoryLocation"":"""",""Quantity"":"""",""HaveParts"":"""",""WantParts"":"""",""TradeCondition"":""""}",34046624,true,false,false,false,false,false,false,false,0,,,,0,,,Deniedpluto
37c1b65d-caf2-4ba0-b0e3-998bc2853f64,aca27402-1f20-406d-b5eb-122270fc7cd5,2020-07-27 11:48:42,"{""PublicComment"":""Both Switzerland (best 2&3 player map) and India add new variation to TTR. This expansion is fantastic for TTR players who regularly play with smaller groups (2 or 3)."",""Rating"":""7"",""PricePaid"":"""",""PricePaidCurrency"":"""",""PrivateComment"":"""",""WishlistComment"":"""",""CurrentPrice"":"""",""CurrentPriceCurrency"":"""",""Barcode"":"""",""AcquiredFrom"":"""",""AcquisitionDate"":"""",""InventoryDate"":"""",""InventoryLocation"":"""",""Quantity"":"""",""HaveParts"":"""",""WantParts"":"""",""TradeCondition"":""""}",34046714,true,false,false,false,false,false,false,false,0,,,,0,,,Deniedpluto
f290ff5e-14bc-47ac-acc0-167d807d5ee9,a41e8e96-92ed-4cb7-bf22-72f48afe9630,2020-07-27 11:48:42,"{""PublicComment"":""Great game, adds more depth than the original TTR. The names of all the cities are based on local spellings and so may seem off to Americans. One perk to this game is full sized cards (wags finger at TTR). This is my favorite version of TTR"",""Rating"":""7"",""PricePaid"":"""",""PricePaidCurrency"":"""",""PrivateComment"":"""",""WishlistComment"":"""",""CurrentPrice"":"""",""CurrentPriceCurrency"":"""",""Barcode"":"""",""AcquiredFrom"":"""",""AcquisitionDate"":"""",""InventoryDate"":"""",""InventoryLocation"":"""",""Quantity"":"""",""HaveParts"":"""",""WantParts"":"""",""TradeCondition"":""""}",34046670,true,false,false,false,false,false,false,false,0,,,,0,,,Deniedpluto
f1a8a745-0e93-4948-a416-5013217bd0b3,59ad4982-a26e-4393-8ff6-d8fc1e5256db,2020-07-27 11:48:44,"{""PublicComment"":""A necessary expansion to TTR. Adds a few more options for mixing up gameplay. My favorite is Big Cities"",""Rating"":""7"",""PricePaid"":"""",""PricePaidCurrency"":"""",""PrivateComment"":"""",""WishlistComment"":"""",""CurrentPrice"":"""",""CurrentPriceCurrency"":"""",""Barcode"":"""",""AcquiredFrom"":"""",""AcquisitionDate"":"""",""InventoryDate"":"""",""InventoryLocation"":"""",""Quantity"":"""",""HaveParts"":"""",""WantParts"":"""",""TradeCondition"":""""}",34046700,true,false,false,false,false,false,false,false,0,,,,0,,,Deniedpluto
26d64e17-b813-42ed-b233-e17261a2e547,9e09a678-32ed-4800-b944-263c02705af6,2022-02-13 09:33:06,"{""FieldsAllowedToPost"":[""copyVersionId""],""VersionPublishers"":""Gamelyn Games"",""VersionLanguages"":""English"",""VersionEmptiedInApp"":0}",0,true,false,false,false,false,false,false,false,0,English edition,552077,Tiny Epic Dungeons,2021,https://cf.geekdo-images.com/rDOnDFAwGXi_fVsfp-ZCqw__original/img/lwHbQBPyDT4g7pakY-Oix1c-A5I=/0x0/filters:format(jpeg)/pic6029065.jpg,https://cf.geekdo-images.com/rDOnDFAwGXi_fVsfp-ZCqw__previewthumb/img/tA-Adl7l9pw1lwb4FxTT0PFblT8=/fit-in/300x320/filters:strip_icc()/pic6029065.jpg,
4ae5f77f-ee6e-46a9-acfd-005cc8f91bc7,,,,,,,,,,,,,,,,,,,,
8299b6aa-0c0a-439a-87a4-4259a592ac14,,,,,,,,,,,,,,,,,,,,
c4981f4f-560b-4af5-8dc5-89e1f8abc17c,,,,,,,,,,,,,,,,,,,,
a649bf02-116c-4597-a063-fb537811e04c,fd3c6cf0-96ae-4ab4-ba6b-534fa47d66ec,2021-10-03 14:00:28,"{""Rating"":""7"",""PricePaid"":"""",""PricePaidCurrency"":"""",""PublicComment"":"""",""PrivateComment"":"""",""WishlistComment"":"""",""CurrentPrice"":"""",""CurrentPriceCurrency"":"""",""Barcode"":"""",""AcquiredFrom"":"""",""AcquisitionDate"":"""",""InventoryDate"":"""",""InventoryLocation"":"""",""Quantity"":"""",""HaveParts"":"""",""WantParts"":"""",""TradeCondition"":""""}",43836225,true,false,false,false,false,false,false,false,3,,,,0,https://cf.geekdo-images.com/-sUA2HQNFHBxOdzHE6Ywlg__thumb/img/OW3Jp2snfQM6Aq_nwOrKnHpF2hM=/fit-in/200x150/filters:strip_icc()/pic3747956.png,https://cf.geekdo-images.com/-sUA2HQNFHBxOdzHE6Ywlg__thumb/img/OW3Jp2snfQM6Aq_nwOrKnHpF2hM=/fit-in/200x150/filters:strip_icc()/pic3747956.png,Deniedpluto
322f2987-3e3e-4d89-886f-63851dd3f2b8,bd4e5fee-c112-4f31-bb40-f669f8780c8d,2021-10-03 14:00:29,"{""VersionPublishers"":""Undine Studios"",""VersionLanguages"":""English"",""PublicComment"":""Great resource management game. The scarcity of resources adds a good layer of complexity. The game is very easy to learn and plays pretty quickly. \n"",""PricePaid"":"""",""PricePaidCurrency"":"""",""PrivateComment"":"""",""WishlistComment"":"""",""CurrentPrice"":"""",""CurrentPriceCurrency"":"""",""Barcode"":"""",""AcquiredFrom"":"""",""AcquisitionDate"":"""",""InventoryDate"":"""",""InventoryLocation"":"""",""Quantity"":"""",""HaveParts"":"""",""WantParts"":"""",""Rating"":"""",""TradeCondition"":""""}",27225477,true,false,false,false,false,false,false,false,3,English second edition,232319,Tower,2014,https://cf.geekdo-images.com/pEMSq0FXkLFu0FJks3cpmw__thumb/img/OHMwCxRUPhJymvsRkhjXXSinLmk=/fit-in/200x150/filters:strip_icc()/pic1925420.png,https://cf.geekdo-images.com/pEMSq0FXkLFu0FJks3cpmw__thumb/img/OHMwCxRUPhJymvsRkhjXXSinLmk=/fit-in/200x150/filters:strip_icc()/pic1925420.png,Deniedpluto
df4ccbf6-2163-4905-adab-ac99cb034690,,,,,,,,,,,,,,,,,,,,
2e2fc819-c590-4f07-939f-1336b423662e,fc462d34-af34-4307-aee9-95c85a18c475,2021-10-03 14:00:38,"{""PublicComment"":""Great filler game to play at the end of the game nights. Great for groups and can be played quickly. Not the deepest game, but it is great for what it does."",""PricePaid"":"""",""PricePaidCurrency"":"""",""PrivateComment"":"""",""WishlistComment"":"""",""CurrentPrice"":"""",""CurrentPriceCurrency"":"""",""Barcode"":"""",""AcquiredFrom"":"""",""AcquisitionDate"":"""",""InventoryDate"":"""",""InventoryLocation"":"""",""Quantity"":"""",""HaveParts"":"""",""WantParts"":"""",""Rating"":"""",""TradeCondition"":""""}",39563527,true,false,false,false,false,false,false,false,3,,,,0,https://cf.geekdo-images.com/2V3d4ryhxkS3RoPtDrvpUw__thumb/img/NWgNhoxUIF7Lmj1apRkZQhFL6NU=/fit-in/200x150/filters:strip_icc()/pic875761.jpg,https://cf.geekdo-images.com/2V3d4ryhxkS3RoPtDrvpUw__thumb/img/NWgNhoxUIF7Lmj1apRkZQhFL6NU=/fit-in/200x150/filters:strip_icc()/pic875761.jpg,Deniedpluto
4acdda57-95a0-40b6-bd24-8f68b4513029,,,,,,,,,,,,,,,,,,,,
49a105e1-8b86-43b9-9c4a-c30226ae4dfc,,,,,,,,,,,,,,,,,,,,
84c7aa8d-888b-4eef-a929-c39a92bc599c,59114a60-14ff-4158-829b-ef813e582dc7,2021-10-03 14:00:31,"{""PublicComment"":""Very easy game to play and enjoyable! The simplicity is nice and the games go by really quickly. I normally play to 30 points and\/or 5 rounds and games are about 10~15 minutes. Recently have begun experimenting with different rules which I will post if\/when they are solidified. Overall a very fun game to play. Well worth it!"",""Rating"":""6"",""PricePaid"":"""",""PricePaidCurrency"":"""",""PrivateComment"":"""",""WishlistComment"":"""",""CurrentPrice"":"""",""CurrentPriceCurrency"":"""",""Barcode"":"""",""AcquiredFrom"":"""",""AcquisitionDate"":"""",""InventoryDate"":"""",""InventoryLocation"":"""",""Quantity"":"""",""HaveParts"":"""",""WantParts"":"""",""TradeCondition"":""""}",23255627,true,false,false,false,false,false,false,false,3,,,,0,https://cf.geekdo-images.com/8HIPeA9hFIkDlR7BC7-q_w__thumb/img/YweCYzxOMAwEz3X3jBH-xqwqh0M=/fit-in/200x150/filters:strip_icc()/pic1895188.png,https://cf.geekdo-images.com/8HIPeA9hFIkDlR7BC7-q_w__thumb/img/YweCYzxOMAwEz3X3jBH-xqwqh0M=/fit-in/200x150/filters:strip_icc()/pic1895188.png,Deniedpluto
a60c87e1-ef7c-4aa0-84a9-9ad041cb27c4,3848115b-ae68-4dc6-a3fe-1cdd738c43f6,2020-07-27 11:48:44,"{""PricePaid"":"""",""PricePaidCurrency"":"""",""PublicComment"":"""",""PrivateComment"":"""",""WishlistComment"":"""",""CurrentPrice"":"""",""CurrentPriceCurrency"":"""",""Barcode"":"""",""AcquiredFrom"":"""",""AcquisitionDate"":"""",""InventoryDate"":"""",""InventoryLocation"":"""",""Quantity"":"""",""HaveParts"":"""",""WantParts"":"""",""Rating"":"""",""TradeCondition"":""""}",63791039,true,false,false,false,false,false,false,false,0,,,,0,,,Deniedpluto
40c69864-0788-4733-adbd-cf0c1f4da02f,,,,,,,,,,,,,,,,,,,,
98fff41b-4f23-4b04-9cca-24adf08f0884,5b0f73e9-3477-4d04-8294-4117bbd6b462,2022-09-04 21:39:04,"{""FieldsAllowedToPost"":[],""VersionEmptiedInApp"":0}",0,true,false,false,false,false,false,false,false,0,,,We Rate Dogs: The Card Game,0,,,
7d8fb3db-60a3-4fcd-ab13-38e3b8f828dc,18ee3fe5-754c-4879-bd98-0cf46af3afff,2021-07-22 22:35:57,"{""VersionEmptiedInApp"":0,""PricePaid"":"""",""PricePaidCurrency"":"""",""PublicComment"":"""",""PrivateComment"":"""",""WishlistComment"":"""",""CurrentPrice"":"""",""CurrentPriceCurrency"":"""",""Barcode"":"""",""AcquiredFrom"":"""",""AcquisitionDate"":"""",""InventoryDate"":"""",""InventoryLocation"":"""",""Quantity"":"""",""HaveParts"":"""",""WantParts"":"""",""Rating"":"""",""TradeCondition"":""""}",84106841,true,false,false,false,false,false,false,false,0,,,Wingspan,0,,,Deniedpluto
46913697-1172-4123-873b-f5c0fc161084,,,,,,,,,,,,,,,,,,,,
ff134bf9-29ad-4abe-9cd1-1aa9767b184d,,,,,,,,,,,,,,,,,,,,
